path,model_short,model_name,task,seed,adapter_type,method,group_local_kind,group_local_delta,r,m,n,bd_row_factor,target_set,scaling_mode,grouping_mode,perm_seed,learning_rate,max_length,warmup_ratio,trainable_params,adapter_trainable_params,injection_adapter_params_total,eval_validation_score,eval_validation_matched_score,eval_validation_mismatched_score,task_score,train_time_s
wandb_stage2/wandb/offline-run-20260316_122935-wq4640v5/run-wq4640v5.wandb,Llama-3.2-1B-Instruct,/leonardo_work/EUHPC_D31_132/models/models--meta-llama--Llama-3.2-1B-Instruct/snapshots/9213176726f574b556790deb65791e0c5aa438b6,cola,0,full_ft,full_ft,,,16,,,,attn_mlp,rs,contiguous,,2e-05,128,0.05,1235818496,0,,0.6122751859055523,,,0.6122751859055523,555.2000923156738
wandb_stage2/wandb/offline-run-20260316_123134-v9q3h1yn/run-v9q3h1yn.wandb,Llama-3.2-1B-Instruct,/leonardo_work/EUHPC_D31_132/models/models--meta-llama--Llama-3.2-1B-Instruct/snapshots/9213176726f574b556790deb65791e0c5aa438b6,cola,0,head_only,head_only,,,16,,,,attn_mlp,rs,contiguous,,0.0001,128,0.05,4096,0,,0.27792863114293215,,,0.27792863114293215,203.62561130523682
wandb_stage2/wandb/offline-run-20260316_123435-hvvfhbf9/run-hvvfhbf9.wandb,Llama-3.2-1B-Instruct,/leonardo_work/EUHPC_D31_132/models/models--meta-llama--Llama-3.2-1B-Instruct/snapshots/9213176726f574b556790deb65791e0c5aa438b6,cola,0,vanilla_lora,vanilla_lora_r16,,,16,,,,attn_mlp,rs,contiguous,,0.0001,128,0.05,11276288,11272192,11272192,0.6298908217708153,,,0.6298908217708153,789.6445813179016
wandb_stage2/wandb/offline-run-20260316_124008-3mhzb4x6/run-3mhzb4x6.wandb,Llama-3.2-1B-Instruct,/leonardo_work/EUHPC_D31_132/models/models--meta-llama--Llama-3.2-1B-Instruct/snapshots/9213176726f574b556790deb65791e0c5aa438b6,sst2,0,head_only,head_only,,,16,,,,attn_mlp,rs,contiguous,,0.0001,128,0.05,4096,0,,0.8807339449541285,,,0.8807339449541285,195.41203570365906
wandb_stage2/wandb/offline-run-20260316_124057-t3rsfw7n/run-t3rsfw7n.wandb,Llama-3.2-1B-Instruct,/leonardo_work/EUHPC_D31_132/models/models--meta-llama--Llama-3.2-1B-Instruct/snapshots/9213176726f574b556790deb65791e0c5aa438b6,sst2,0,full_ft,full_ft,,,16,,,,attn_mlp,rs,contiguous,,2e-05,128,0.05,1235818496,0,,0.9541284403669725,,,0.9541284403669725,1565.1764585971832
wandb_stage2/wandb/offline-run-20260316_124530-mqtlolz6/run-mqtlolz6.wandb,Llama-3.2-1B-Instruct,/leonardo_work/EUHPC_D31_132/models/models--meta-llama--Llama-3.2-1B-Instruct/snapshots/9213176726f574b556790deb65791e0c5aa438b6,mrpc,0,head_only,head_only,,,16,,,,attn_mlp,rs,contiguous,,0.0001,128,0.05,4096,0,,0.731553041315373,,,0.731553041315373,202.9863142967224
wandb_stage2/wandb/offline-run-20260316_125005-euqxodfr/run-euqxodfr.wandb,Llama-3.2-1B-Instruct,/leonardo_work/EUHPC_D31_132/models/models--meta-llama--Llama-3.2-1B-Instruct/snapshots/9213176726f574b556790deb65791e0c5aa438b6,cola,0,bd_lora,bd_lora_r16_n4_rowblock_a,,,16,4,4,block_a,attn_mlp,rs,contiguous,,0.0001,128,0.05,5574656,5570560,5570560,0.6197034905162012,,,0.6197034905162012,370.85745906829834
wandb_stage2/wandb/offline-run-20260316_125426-m2156qnm/run-m2156qnm.wandb,Llama-3.2-1B-Instruct,/leonardo_work/EUHPC_D31_132/models/models--meta-llama--Llama-3.2-1B-Instruct/snapshots/9213176726f574b556790deb65791e0c5aa438b6,qqp,0,head_only,head_only,,,16,,,,attn_mlp,rs,contiguous,,0.0001,128,0.05,4096,0,,0.737737369614023,,,0.737737369614023,783.2847883701324
wandb_stage2/wandb/offline-run-20260316_130215-ql22nnoz/run-ql22nnoz.wandb,Llama-3.2-1B-Instruct,/leonardo_work/EUHPC_D31_132/models/models--meta-llama--Llama-3.2-1B-Instruct/snapshots/9213176726f574b556790deb65791e0c5aa438b6,cola,0,group_local,group_local_equal_r16_m16,equal,,16,16,,,attn_mlp,rs,contiguous,,0.0001,128,0.05,11276288,11272192,11272192,0.6283714653016793,,,0.6283714653016793,157.74591970443726
wandb_stage2/wandb/offline-run-20260316_130855-2un4zxgj/run-2un4zxgj.wandb,Llama-3.2-1B-Instruct,/leonardo_work/EUHPC_D31_132/models/models--meta-llama--Llama-3.2-1B-Instruct/snapshots/9213176726f574b556790deb65791e0c5aa438b6,cola,0,group_local,group_local_param_r16_m16_d0,param,0,16,16,,,attn_mlp,rs,contiguous,,0.0001,128,0.05,11276288,11272192,11272192,0.6283714653016793,,,0.6283714653016793,233.40208911895752
wandb_stage2/wandb/offline-run-20260316_130923-d09vwwnk/run-d09vwwnk.wandb,Llama-3.2-1B-Instruct,/leonardo_work/EUHPC_D31_132/models/models--meta-llama--Llama-3.2-1B-Instruct/snapshots/9213176726f574b556790deb65791e0c5aa438b6,mrpc,0,full_ft,full_ft,,,16,,,,attn_mlp,rs,contiguous,,2e-05,128,0.05,1235818496,0,,0.8911356209150327,,,0.8911356209150327,260.7126941680908
wandb_stage2/wandb/offline-run-20260316_131316-507lizus/run-507lizus.wandb,Llama-3.2-1B-Instruct,/leonardo_work/EUHPC_D31_132/models/models--meta-llama--Llama-3.2-1B-Instruct/snapshots/9213176726f574b556790deb65791e0c5aa438b6,stsb,0,head_only,head_only,,,16,,,,attn_mlp,rs,contiguous,,0.0001,128,0.05,2048,0,,0.36644214458040403,,,0.36644214458040403,43.36466407775879
wandb_stage2/wandb/offline-run-20260316_131524-v4sq95hz/run-v4sq95hz.wandb,Llama-3.2-1B-Instruct,/leonardo_work/EUHPC_D31_132/models/models--meta-llama--Llama-3.2-1B-Instruct/snapshots/9213176726f574b556790deb65791e0c5aa438b6,sst2,0,vanilla_lora,vanilla_lora_r16,,,16,,,,attn_mlp,rs,contiguous,,0.0001,128,0.05,11276288,11272192,11272192,0.9552752293577982,,,0.9552752293577982,1165.5768678188324
wandb_stage2/wandb/offline-run-20260316_131912-5r7ilphz/run-5r7ilphz.wandb,Llama-3.2-1B-Instruct,/leonardo_work/EUHPC_D31_132/models/models--meta-llama--Llama-3.2-1B-Instruct/snapshots/9213176726f574b556790deb65791e0c5aa438b6,qqp,0,full_ft,full_ft,,,16,,,,attn_mlp,rs,contiguous,,2e-05,128,0.05,1235818496,0,,0.8963095262677951,,,0.8963095262677951,7081.986632347107
wandb_stage2/wandb/offline-run-20260316_132027-8wdo8hja/run-8wdo8hja.wandb,Llama-3.2-1B-Instruct,/leonardo_work/EUHPC_D31_132/models/models--meta-llama--Llama-3.2-1B-Instruct/snapshots/9213176726f574b556790deb65791e0c5aa438b6,mnli,0,head_only,head_only,,,16,,,,attn_mlp,rs,contiguous,,0.0001,128,0.05,6144,0,,,0.563015792154865,0.5700772986167616,0.5665465453858133,818.3352251052856
wandb_stage2/wandb/offline-run-20260316_134001-6xu68uyl/run-6xu68uyl.wandb,Llama-3.2-1B-Instruct,/leonardo_work/EUHPC_D31_132/models/models--meta-llama--Llama-3.2-1B-Instruct/snapshots/9213176726f574b556790deb65791e0c5aa438b6,qnli,0,head_only,head_only,,,16,,,,attn_mlp,rs,contiguous,,0.0001,128,0.05,4096,0,,0.6997986454329124,,,0.6997986454329124,224.96661758422852
wandb_stage2/wandb/offline-run-20260316_134016-9ecosmz2/run-9ecosmz2.wandb,Llama-3.2-1B-Instruct,/leonardo_work/EUHPC_D31_132/models/models--meta-llama--Llama-3.2-1B-Instruct/snapshots/9213176726f574b556790deb65791e0c5aa438b6,sst2,0,bd_lora,bd_lora_r16_n4_rowblock_a,,,16,4,4,block_a,attn_mlp,rs,contiguous,,0.0001,128,0.05,5574656,5570560,5570560,0.9541284403669725,,,0.9541284403669725,1330.0288393497467
wandb_stage2/wandb/offline-run-20260316_134600-qk5njx1q/run-qk5njx1q.wandb,Llama-3.2-1B-Instruct,/leonardo_work/EUHPC_D31_132/models/models--meta-llama--Llama-3.2-1B-Instruct/snapshots/9213176726f574b556790deb65791e0c5aa438b6,rte,0,head_only,head_only,,,16,,,,attn_mlp,rs,contiguous,,0.0001,128,0.05,4096,0,,0.49458483754512633,,,0.49458483754512633,212.12952065467834
wandb_stage2/wandb/offline-run-20260316_135407-xapor496/run-xapor496.wandb,Llama-3.2-1B-Instruct,/leonardo_work/EUHPC_D31_132/models/models--meta-llama--Llama-3.2-1B-Instruct/snapshots/9213176726f574b556790deb65791e0c5aa438b6,wnli,0,head_only,head_only,,,16,,,,attn_mlp,rs,contiguous,,0.0001,128,0.05,4096,0,,0.5352112676056338,,,0.5352112676056338,101.15195035934448
wandb_stage2/wandb/offline-run-20260316_140719-a08tc3bw/run-a08tc3bw.wandb,Llama-3.2-1B-Instruct,/leonardo_work/EUHPC_D31_132/models/models--meta-llama--Llama-3.2-1B-Instruct/snapshots/9213176726f574b556790deb65791e0c5aa438b6,sst2,0,group_local,group_local_equal_r16_m16,equal,,16,16,,,attn_mlp,rs,contiguous,,0.0001,128,0.05,11276288,11272192,11272192,0.9587155963302753,,,0.9587155963302753,1266.631944656372
wandb_stage2/wandb/offline-run-20260316_143317-73stlkc3/run-73stlkc3.wandb,Llama-3.2-1B-Instruct,/leonardo_work/EUHPC_D31_132/models/models--meta-llama--Llama-3.2-1B-Instruct/snapshots/9213176726f574b556790deb65791e0c5aa438b6,sst2,0,group_local,group_local_param_r16_m16_d0,param,0,16,16,,,attn_mlp,rs,contiguous,,0.0001,128,0.05,11276288,11272192,11272192,0.9587155963302753,,,0.9587155963302753,1290.3364596366882
wandb_stage2/wandb/offline-run-20260316_144155-j3809n55/run-j3809n55.wandb,Llama-3.2-1B-Instruct,/leonardo_work/EUHPC_D31_132/models/models--meta-llama--Llama-3.2-1B-Instruct/snapshots/9213176726f574b556790deb65791e0c5aa438b6,cola,1,full_ft,full_ft,,,16,,,,attn_mlp,rs,contiguous,,2e-05,128,0.05,1235818496,0,,0.6506916191496791,,,0.6506916191496791,553.1409118175507
wandb_stage2/wandb/offline-run-20260316_144208-leaioitm/run-leaioitm.wandb,Llama-3.2-1B-Instruct,/leonardo_work/EUHPC_D31_132/models/models--meta-llama--Llama-3.2-1B-Instruct/snapshots/9213176726f574b556790deb65791e0c5aa438b6,cola,1,head_only,head_only,,,16,,,,attn_mlp,rs,contiguous,,0.0001,128,0.05,4096,0,,0.27111800500621025,,,0.27111800500621025,263.75121903419495
wandb_stage2/wandb/offline-run-20260316_144403-zmzgomva/run-zmzgomva.wandb,Llama-3.2-1B-Instruct,/leonardo_work/EUHPC_D31_132/models/models--meta-llama--Llama-3.2-1B-Instruct/snapshots/9213176726f574b556790deb65791e0c5aa438b6,cola,1,vanilla_lora,vanilla_lora_r16,,,16,,,,attn_mlp,rs,contiguous,,0.0001,128,0.05,11276288,11272192,11272192,0.6228981023068787,,,0.6228981023068787,714.8852388858795
wandb_stage2/wandb/offline-run-20260316_145224-g6z42nlk/run-g6z42nlk.wandb,Llama-3.2-1B-Instruct,/leonardo_work/EUHPC_D31_132/models/models--meta-llama--Llama-3.2-1B-Instruct/snapshots/9213176726f574b556790deb65791e0c5aa438b6,sst2,1,head_only,head_only,,,16,,,,attn_mlp,rs,contiguous,,0.0001,128,0.05,4096,0,,0.8944954128440367,,,0.8944954128440367,140.32374453544617
wandb_stage2/wandb/offline-run-20260316_145621-q0o4coo6/run-q0o4coo6.wandb,Llama-3.2-1B-Instruct,/leonardo_work/EUHPC_D31_132/models/models--meta-llama--Llama-3.2-1B-Instruct/snapshots/9213176726f574b556790deb65791e0c5aa438b6,sst2,1,full_ft,full_ft,,,16,,,,attn_mlp,rs,contiguous,,2e-05,128,0.05,1235818496,0,,0.9518348623853211,,,0.9518348623853211,1295.4682183265686
wandb_stage2/wandb/offline-run-20260316_145744-jrd6lave/run-jrd6lave.wandb,Llama-3.2-1B-Instruct,/leonardo_work/EUHPC_D31_132/models/models--meta-llama--Llama-3.2-1B-Instruct/snapshots/9213176726f574b556790deb65791e0c5aa438b6,mrpc,0,vanilla_lora,vanilla_lora_r16,,,16,,,,attn_mlp,rs,contiguous,,0.0001,128,0.05,11276288,11272192,11272192,0.8795253891965312,,,0.8795253891965312,220.11875343322754
wandb_stage2/wandb/offline-run-20260316_150025-vh7r5r9y/run-vh7r5r9y.wandb,Llama-3.2-1B-Instruct,/leonardo_work/EUHPC_D31_132/models/models--meta-llama--Llama-3.2-1B-Instruct/snapshots/9213176726f574b556790deb65791e0c5aa438b6,mrpc,1,head_only,head_only,,,16,,,,attn_mlp,rs,contiguous,,0.0001,128,0.05,4096,0,,0.7513840113159692,,,0.7513840113159692,8.299984216690063
wandb_stage2/wandb/offline-run-20260316_150101-y9vc40qm/run-y9vc40qm.wandb,Llama-3.2-1B-Instruct,/leonardo_work/EUHPC_D31_132/models/models--meta-llama--Llama-3.2-1B-Instruct/snapshots/9213176726f574b556790deb65791e0c5aa438b6,cola,1,bd_lora,bd_lora_r16_n4_rowblock_a,,,16,4,4,block_a,attn_mlp,rs,contiguous,,0.0001,128,0.05,5574656,5570560,5570560,0.6263686710736523,,,0.6263686710736523,232.8150691986084
wandb_stage2/wandb/offline-run-20260316_150614-hsjkfht2/run-hsjkfht2.wandb,Llama-3.2-1B-Instruct,/leonardo_work/EUHPC_D31_132/models/models--meta-llama--Llama-3.2-1B-Instruct/snapshots/9213176726f574b556790deb65791e0c5aa438b6,qqp,1,head_only,head_only,,,16,,,,attn_mlp,rs,contiguous,,0.0001,128,0.05,4096,0,,0.7303425032942955,,,0.7303425032942955,749.4675531387329
wandb_stage2/wandb/offline-run-20260316_150658-lwbik3qh/run-lwbik3qh.wandb,Llama-3.2-1B-Instruct,/leonardo_work/EUHPC_D31_132/models/models--meta-llama--Llama-3.2-1B-Instruct/snapshots/9213176726f574b556790deb65791e0c5aa438b6,mrpc,0,bd_lora,bd_lora_r16_n4_rowblock_a,,,16,4,4,block_a,attn_mlp,rs,contiguous,,0.0001,128,0.05,5574656,5570560,5570560,0.880059185361315,,,0.880059185361315,72.75419044494629
wandb_stage2/wandb/offline-run-20260316_150944-hn0zlx7r/run-hn0zlx7r.wandb,Llama-3.2-1B-Instruct,/leonardo_work/EUHPC_D31_132/models/models--meta-llama--Llama-3.2-1B-Instruct/snapshots/9213176726f574b556790deb65791e0c5aa438b6,cola,1,group_local,group_local_equal_r16_m16,equal,,16,16,,,attn_mlp,rs,contiguous,,0.0001,128,0.05,11276288,11272192,11272192,0.6262623585993624,,,0.6262623585993624,189.18379378318787
wandb_stage2/wandb/offline-run-20260316_151355-75tysmew/run-75tysmew.wandb,Llama-3.2-1B-Instruct,/leonardo_work/EUHPC_D31_132/models/models--meta-llama--Llama-3.2-1B-Instruct/snapshots/9213176726f574b556790deb65791e0c5aa438b6,mrpc,0,group_local,group_local_equal_r16_m16,equal,,16,16,,,attn_mlp,rs,contiguous,,0.0001,128,0.05,11276288,11272192,11272192,0.8837525685229687,,,0.8837525685229687,68.30479073524475
wandb_stage2/wandb/offline-run-20260316_151847-gesbgrqs/run-gesbgrqs.wandb,Llama-3.2-1B-Instruct,/leonardo_work/EUHPC_D31_132/models/models--meta-llama--Llama-3.2-1B-Instruct/snapshots/9213176726f574b556790deb65791e0c5aa438b6,cola,1,group_local,group_local_param_r16_m16_d0,param,0,16,16,,,attn_mlp,rs,contiguous,,0.0001,128,0.05,11276288,11272192,11272192,0.6262623585993624,,,0.6262623585993624,155.4231116771698
wandb_stage2/wandb/offline-run-20260316_152007-38g40hk8/run-38g40hk8.wandb,Llama-3.2-1B-Instruct,/leonardo_work/EUHPC_D31_132/models/models--meta-llama--Llama-3.2-1B-Instruct/snapshots/9213176726f574b556790deb65791e0c5aa438b6,mrpc,0,group_local,group_local_param_r16_m16_d0,param,0,16,16,,,attn_mlp,rs,contiguous,,0.0001,128,0.05,11276288,11272192,11272192,0.8837525685229687,,,0.8837525685229687,148.8647105693817
wandb_stage2/wandb/offline-run-20260316_152304-981v934q/run-981v934q.wandb,Llama-3.2-1B-Instruct,/leonardo_work/EUHPC_D31_132/models/models--meta-llama--Llama-3.2-1B-Instruct/snapshots/9213176726f574b556790deb65791e0c5aa438b6,stsb,0,full_ft,full_ft,,,16,,,,attn_mlp,rs,contiguous,,2e-05,128,0.05,1235816448,0,,0.9089342860032331,,,0.9089342860032331,114.65449285507202
wandb_stage2/wandb/offline-run-20260316_152330-6f263kga/run-6f263kga.wandb,Llama-3.2-1B-Instruct,/leonardo_work/EUHPC_D31_132/models/models--meta-llama--Llama-3.2-1B-Instruct/snapshots/9213176726f574b556790deb65791e0c5aa438b6,mrpc,1,full_ft,full_ft,,,16,,,,attn_mlp,rs,contiguous,,2e-05,128,0.05,1235818496,0,,0.9053098831799855,,,0.9053098831799855,72.50529837608337
wandb_stage2/wandb/offline-run-20260316_152429-sply58u5/run-sply58u5.wandb,Llama-3.2-1B-Instruct,/leonardo_work/EUHPC_D31_132/models/models--meta-llama--Llama-3.2-1B-Instruct/snapshots/9213176726f574b556790deb65791e0c5aa438b6,stsb,1,head_only,head_only,,,16,,,,attn_mlp,rs,contiguous,,0.0001,128,0.05,2048,0,,0.29047108929541243,,,0.29047108929541243,14.188841104507446
wandb_stage2/wandb/offline-run-20260316_152658-tjohkja9/run-tjohkja9.wandb,Llama-3.2-1B-Instruct,/leonardo_work/EUHPC_D31_132/models/models--meta-llama--Llama-3.2-1B-Instruct/snapshots/9213176726f574b556790deb65791e0c5aa438b6,sst2,1,vanilla_lora,vanilla_lora_r16,,,16,,,,attn_mlp,rs,contiguous,,0.0001,128,0.05,11276288,11272192,11272192,0.9598623853211009,,,0.9598623853211009,997.6905286312103
wandb_stage2/wandb/offline-run-20260316_152749-h3jw1m3b/run-h3jw1m3b.wandb,Llama-3.2-1B-Instruct,/leonardo_work/EUHPC_D31_132/models/models--meta-llama--Llama-3.2-1B-Instruct/snapshots/9213176726f574b556790deb65791e0c5aa438b6,qqp,0,vanilla_lora,vanilla_lora_r16,,,16,,,,attn_mlp,rs,contiguous,,0.0001,128,0.05,11276288,11272192,11272192,0.8902028178864084,,,0.8902028178864084,5500.199469566345
wandb_stage2/wandb/offline-run-20260316_152837-g665ny1e/run-g665ny1e.wandb,Llama-3.2-1B-Instruct,/leonardo_work/EUHPC_D31_132/models/models--meta-llama--Llama-3.2-1B-Instruct/snapshots/9213176726f574b556790deb65791e0c5aa438b6,qqp,1,full_ft,full_ft,,,16,,,,attn_mlp,rs,contiguous,,2e-05,128,0.05,1235818496,0,,0.8982322136807298,,,0.8982322136807298,7153.256511449814
wandb_stage2/wandb/offline-run-20260316_153008-2u8skvxu/run-2u8skvxu.wandb,Llama-3.2-1B-Instruct,/leonardo_work/EUHPC_D31_132/models/models--meta-llama--Llama-3.2-1B-Instruct/snapshots/9213176726f574b556790deb65791e0c5aa438b6,mnli,1,head_only,head_only,,,16,,,,attn_mlp,rs,contiguous,,0.0001,128,0.05,6144,0,,,0.5668874172185431,0.5634662327095199,0.5651768249640314,849.6281695365906
wandb_stage2/wandb/offline-run-20260316_153054-86fzf79c/run-86fzf79c.wandb,Llama-3.2-1B-Instruct,/leonardo_work/EUHPC_D31_132/models/models--meta-llama--Llama-3.2-1B-Instruct/snapshots/9213176726f574b556790deb65791e0c5aa438b6,mnli,0,full_ft,full_ft,,,16,,,,attn_mlp,rs,contiguous,,2e-05,128,0.05,1235820544,0,,,0.88762098828324,0.891680227827502,0.889650608055371,7645.642842531204
wandb_stage2/wandb/offline-run-20260316_154552-wpuoar69/run-wpuoar69.wandb,Llama-3.2-1B-Instruct,/leonardo_work/EUHPC_D31_132/models/models--meta-llama--Llama-3.2-1B-Instruct/snapshots/9213176726f574b556790deb65791e0c5aa438b6,sst2,1,bd_lora,bd_lora_r16_n4_rowblock_a,,,16,4,4,block_a,attn_mlp,rs,contiguous,,0.0001,128,0.05,5574656,5570560,5570560,0.9541284403669725,,,0.9541284403669725,1481.444657087326
wandb_stage2/wandb/offline-run-20260316_154948-y8ft75ae/run-y8ft75ae.wandb,Llama-3.2-1B-Instruct,/leonardo_work/EUHPC_D31_132/models/models--meta-llama--Llama-3.2-1B-Instruct/snapshots/9213176726f574b556790deb65791e0c5aa438b6,qnli,1,head_only,head_only,,,16,,,,attn_mlp,rs,contiguous,,0.0001,128,0.05,4096,0,,0.6933919092073952,,,0.6933919092073952,257.7170512676239
wandb_stage2/wandb/offline-run-20260316_155920-eg2widjy/run-eg2widjy.wandb,Llama-3.2-1B-Instruct,/leonardo_work/EUHPC_D31_132/models/models--meta-llama--Llama-3.2-1B-Instruct/snapshots/9213176726f574b556790deb65791e0c5aa438b6,rte,1,head_only,head_only,,,16,,,,attn_mlp,rs,contiguous,,0.0001,128,0.05,4096,0,,0.5342960288808665,,,0.5342960288808665,19.19316077232361
wandb_stage2/wandb/offline-run-20260316_160349-hl8iib9k/run-hl8iib9k.wandb,Llama-3.2-1B-Instruct,/leonardo_work/EUHPC_D31_132/models/models--meta-llama--Llama-3.2-1B-Instruct/snapshots/9213176726f574b556790deb65791e0c5aa438b6,wnli,1,head_only,head_only,,,16,,,,attn_mlp,rs,contiguous,,0.0001,128,0.05,4096,0,,0.5211267605633803,,,0.5211267605633803,71.90016674995422
wandb_stage2/wandb/offline-run-20260316_161258-8vptqysh/run-8vptqysh.wandb,Llama-3.2-1B-Instruct,/leonardo_work/EUHPC_D31_132/models/models--meta-llama--Llama-3.2-1B-Instruct/snapshots/9213176726f574b556790deb65791e0c5aa438b6,sst2,1,group_local,group_local_equal_r16_m16,equal,,16,16,,,attn_mlp,rs,contiguous,,0.0001,128,0.05,11276288,11272192,11272192,0.9644495412844036,,,0.9644495412844036,1388.0083456039429
wandb_stage2/wandb/offline-run-20260316_164132-irz8d1b0/run-irz8d1b0.wandb,Llama-3.2-1B-Instruct,/leonardo_work/EUHPC_D31_132/models/models--meta-llama--Llama-3.2-1B-Instruct/snapshots/9213176726f574b556790deb65791e0c5aa438b6,sst2,1,group_local,group_local_param_r16_m16_d0,param,0,16,16,,,attn_mlp,rs,contiguous,,0.0001,128,0.05,11276288,11272192,11272192,0.9644495412844036,,,0.9644495412844036,1203.4413788318634
wandb_stage2/wandb/offline-run-20260316_170604-sv9q2qxm/run-sv9q2qxm.wandb,Llama-3.2-1B-Instruct,/leonardo_work/EUHPC_D31_132/models/models--meta-llama--Llama-3.2-1B-Instruct/snapshots/9213176726f574b556790deb65791e0c5aa438b6,qqp,0,bd_lora,bd_lora_r16_n4_rowblock_a,,,16,4,4,block_a,attn_mlp,rs,contiguous,,0.0001,128,0.05,5574656,5570560,5570560,0.8815714537173034,,,0.8815714537173034,6963.578737020493
wandb_stage2/wandb/offline-run-20260316_170712-7ig4zueu/run-7ig4zueu.wandb,Llama-3.2-1B-Instruct,/leonardo_work/EUHPC_D31_132/models/models--meta-llama--Llama-3.2-1B-Instruct/snapshots/9213176726f574b556790deb65791e0c5aa438b6,mrpc,1,vanilla_lora,vanilla_lora_r16,,,16,,,,attn_mlp,rs,contiguous,,0.0001,128,0.05,11276288,11272192,11272192,0.8786099882991172,,,0.8786099882991172,64.42298340797424
wandb_stage2/wandb/offline-run-20260316_171138-m2n50ss3/run-m2n50ss3.wandb,Llama-3.2-1B-Instruct,/leonardo_work/EUHPC_D31_132/models/models--meta-llama--Llama-3.2-1B-Instruct/snapshots/9213176726f574b556790deb65791e0c5aa438b6,mrpc,1,bd_lora,bd_lora_r16_n4_rowblock_a,,,16,4,4,block_a,attn_mlp,rs,contiguous,,0.0001,128,0.05,5574656,5570560,5570560,0.8692492898219358,,,0.8692492898219358,217.5933392047882
wandb_stage2/wandb/offline-run-20260316_172051-3gyyhrxd/run-3gyyhrxd.wandb,Llama-3.2-1B-Instruct,/leonardo_work/EUHPC_D31_132/models/models--meta-llama--Llama-3.2-1B-Instruct/snapshots/9213176726f574b556790deb65791e0c5aa438b6,mrpc,1,group_local,group_local_equal_r16_m16,equal,,16,16,,,attn_mlp,rs,contiguous,,0.0001,128,0.05,11276288,11272192,11272192,0.8854364326375712,,,0.8854364326375712,74.5257408618927
wandb_stage2/wandb/offline-run-20260316_172733-11j8p7kr/run-11j8p7kr.wandb,Llama-3.2-1B-Instruct,/leonardo_work/EUHPC_D31_132/models/models--meta-llama--Llama-3.2-1B-Instruct/snapshots/9213176726f574b556790deb65791e0c5aa438b6,mrpc,1,group_local,group_local_param_r16_m16_d0,param,0,16,16,,,attn_mlp,rs,contiguous,,0.0001,128,0.05,11276288,11272192,11272192,0.8854364326375712,,,0.8854364326375712,71.4794807434082
wandb_stage2/wandb/offline-run-20260316_173348-o7j4erws/run-o7j4erws.wandb,Llama-3.2-1B-Instruct,/leonardo_work/EUHPC_D31_132/models/models--meta-llama--Llama-3.2-1B-Instruct/snapshots/9213176726f574b556790deb65791e0c5aa438b6,qqp,1,vanilla_lora,vanilla_lora_r16,,,16,,,,attn_mlp,rs,contiguous,,0.0001,128,0.05,11276288,11272192,11272192,0.890161623960684,,,0.890161623960684,5396.740001678467
wandb_stage2/wandb/offline-run-20260316_173424-vxjdfzk1/run-vxjdfzk1.wandb,Llama-3.2-1B-Instruct,/leonardo_work/EUHPC_D31_132/models/models--meta-llama--Llama-3.2-1B-Instruct/snapshots/9213176726f574b556790deb65791e0c5aa438b6,stsb,1,full_ft,full_ft,,,16,,,,attn_mlp,rs,contiguous,,2e-05,128,0.05,1235816448,0,,0.9066420638547662,,,0.9066420638547662,126.38988590240479
wandb_stage2/wandb/offline-run-20260316_174244-wk8jes3j/run-wk8jes3j.wandb,Llama-3.2-1B-Instruct,/leonardo_work/EUHPC_D31_132/models/models--meta-llama--Llama-3.2-1B-Instruct/snapshots/9213176726f574b556790deb65791e0c5aa438b6,mnli,1,full_ft,full_ft,,,16,,,,attn_mlp,rs,contiguous,,2e-05,128,0.05,1235820544,0,,,0.8899643402954661,0.8915785191212368,0.8907714297083514,7678.853224992752
wandb_stage2/wandb/offline-run-20260316_174421-1n6f7jag/run-1n6f7jag.wandb,Llama-3.2-1B-Instruct,/leonardo_work/EUHPC_D31_132/models/models--meta-llama--Llama-3.2-1B-Instruct/snapshots/9213176726f574b556790deb65791e0c5aa438b6,qnli,0,full_ft,full_ft,,,16,,,,attn_mlp,rs,contiguous,,2e-05,128,0.05,1235818496,0,,0.9384953322350357,,,0.9384953322350357,2080.2079451084137
wandb_stage2/wandb/offline-run-20260316_182446-a4zrsykf/run-a4zrsykf.wandb,Llama-3.2-1B-Instruct,/leonardo_work/EUHPC_D31_132/models/models--meta-llama--Llama-3.2-1B-Instruct/snapshots/9213176726f574b556790deb65791e0c5aa438b6,rte,0,full_ft,full_ft,,,16,,,,attn_mlp,rs,contiguous,,2e-05,128,0.05,1235818496,0,,0.8411552346570397,,,0.8411552346570397,50.902480125427246
wandb_stage2/wandb/offline-run-20260316_183108-fhgv64xh/run-fhgv64xh.wandb,Llama-3.2-1B-Instruct,/leonardo_work/EUHPC_D31_132/models/models--meta-llama--Llama-3.2-1B-Instruct/snapshots/9213176726f574b556790deb65791e0c5aa438b6,wnli,0,full_ft,full_ft,,,16,,,,attn_mlp,rs,contiguous,,2e-05,128,0.05,1235818496,0,,0.29577464788732394,,,0.29577464788732394,13.227599382400513
wandb_stage2/wandb/offline-run-20260316_190612-h4v5ihtk/run-h4v5ihtk.wandb,Llama-3.2-1B-Instruct,/leonardo_work/EUHPC_D31_132/models/models--meta-llama--Llama-3.2-1B-Instruct/snapshots/9213176726f574b556790deb65791e0c5aa438b6,qqp,0,group_local,group_local_equal_r16_m16,equal,,16,16,,,attn_mlp,rs,contiguous,,0.0001,128,0.05,11276288,11272192,11272192,0.8900024318856409,,,0.8900024318856409,6756.9807686805725
wandb_stage2/wandb/offline-run-20260316_190853-xvl1okmz/run-xvl1okmz.wandb,Llama-3.2-1B-Instruct,/leonardo_work/EUHPC_D31_132/models/models--meta-llama--Llama-3.2-1B-Instruct/snapshots/9213176726f574b556790deb65791e0c5aa438b6,qqp,1,bd_lora,bd_lora_r16_n4_rowblock_a,,,16,4,4,block_a,attn_mlp,rs,contiguous,,0.0001,128,0.05,5574656,5570560,5570560,0.8801657449297584,,,0.8801657449297584,6999.4602563381195
wandb_stage2/wandb/offline-run-20260316_195624-z5zk4h9j/run-z5zk4h9j.wandb,Llama-3.2-1B-Instruct,/leonardo_work/EUHPC_D31_132/models/models--meta-llama--Llama-3.2-1B-Instruct/snapshots/9213176726f574b556790deb65791e0c5aa438b6,qnli,1,full_ft,full_ft,,,16,,,,attn_mlp,rs,contiguous,,2e-05,128,0.05,1235818496,0,,0.9355665385319422,,,0.9355665385319422,2100.1067900657654
wandb_stage2/wandb/offline-run-20260316_203644-08zf66cw/run-08zf66cw.wandb,Llama-3.2-1B-Instruct,/leonardo_work/EUHPC_D31_132/models/models--meta-llama--Llama-3.2-1B-Instruct/snapshots/9213176726f574b556790deb65791e0c5aa438b6,rte,1,full_ft,full_ft,,,16,,,,attn_mlp,rs,contiguous,,2e-05,128,0.05,1235818496,0,,0.8447653429602888,,,0.8447653429602888,92.94271206855774
wandb_stage2/wandb/offline-run-20260316_204231-6matw5sz/run-6matw5sz.wandb,Llama-3.2-1B-Instruct,/leonardo_work/EUHPC_D31_132/models/models--meta-llama--Llama-3.2-1B-Instruct/snapshots/9213176726f574b556790deb65791e0c5aa438b6,wnli,1,full_ft,full_ft,,,16,,,,attn_mlp,rs,contiguous,,2e-05,128,0.05,1235818496,0,,0.3380281690140845,,,0.3380281690140845,103.48435139656067
wandb_stage2/wandb/offline-run-20260316_210349-5edvvnuc/run-5edvvnuc.wandb,Llama-3.2-1B-Instruct,/leonardo_work/EUHPC_D31_132/models/models--meta-llama--Llama-3.2-1B-Instruct/snapshots/9213176726f574b556790deb65791e0c5aa438b6,qqp,0,group_local,group_local_param_r16_m16_d0,param,0,16,16,,,attn_mlp,rs,contiguous,,0.0001,128,0.05,11276288,11272192,11272192,0.8900024318856409,,,0.8900024318856409,6712.148738145828
wandb_stage2/wandb/offline-run-20260316_211125-y0pr1xen/run-y0pr1xen.wandb,Llama-3.2-1B-Instruct,/leonardo_work/EUHPC_D31_132/models/models--meta-llama--Llama-3.2-1B-Instruct/snapshots/9213176726f574b556790deb65791e0c5aa438b6,qqp,1,group_local,group_local_equal_r16_m16,equal,,16,16,,,attn_mlp,rs,contiguous,,0.0001,128,0.05,11276288,11272192,11272192,0.8903022437973072,,,0.8903022437973072,6632.477095842361
wandb_stage2/wandb/offline-run-20260316_230116-qk84klpg/run-qk84klpg.wandb,Llama-3.2-1B-Instruct,/leonardo_work/EUHPC_D31_132/models/models--meta-llama--Llama-3.2-1B-Instruct/snapshots/9213176726f574b556790deb65791e0c5aa438b6,stsb,0,vanilla_lora,vanilla_lora_r16,,,16,,,,attn_mlp,rs,contiguous,,0.0001,128,0.05,11274240,11272192,11272192,0.9032855541572268,,,0.9032855541572268,189.30417561531067
wandb_stage2/wandb/offline-run-20260316_230717-e4fgkl64/run-e4fgkl64.wandb,Llama-3.2-1B-Instruct,/leonardo_work/EUHPC_D31_132/models/models--meta-llama--Llama-3.2-1B-Instruct/snapshots/9213176726f574b556790deb65791e0c5aa438b6,qqp,1,group_local,group_local_param_r16_m16_d0,param,0,16,16,,,attn_mlp,rs,contiguous,,0.0001,128,0.05,11276288,11272192,11272192,0.8903022437973072,,,0.8903022437973072,6562.281729698181
wandb_stage2/wandb/offline-run-20260316_231023-tvgut8po/run-tvgut8po.wandb,Llama-3.2-1B-Instruct,/leonardo_work/EUHPC_D31_132/models/models--meta-llama--Llama-3.2-1B-Instruct/snapshots/9213176726f574b556790deb65791e0c5aa438b6,stsb,0,bd_lora,bd_lora_r16_n4_rowblock_a,,,16,4,4,block_a,attn_mlp,rs,contiguous,,0.0001,128,0.05,5572608,5570560,5570560,0.8940973522638417,,,0.8940973522638417,109.5523407459259
wandb_stage2/wandb/offline-run-20260316_231559-riew3l4q/run-riew3l4q.wandb,Llama-3.2-1B-Instruct,/leonardo_work/EUHPC_D31_132/models/models--meta-llama--Llama-3.2-1B-Instruct/snapshots/9213176726f574b556790deb65791e0c5aa438b6,stsb,0,group_local,group_local_equal_r16_m16,equal,,16,16,,,attn_mlp,rs,contiguous,,0.0001,128,0.05,11274240,11272192,11272192,0.9049608839598551,,,0.9049608839598551,206.5515923500061
wandb_stage2/wandb/offline-run-20260316_232354-2pe265bc/run-2pe265bc.wandb,Llama-3.2-1B-Instruct,/leonardo_work/EUHPC_D31_132/models/models--meta-llama--Llama-3.2-1B-Instruct/snapshots/9213176726f574b556790deb65791e0c5aa438b6,stsb,0,group_local,group_local_param_r16_m16_d0,param,0,16,16,,,attn_mlp,rs,contiguous,,0.0001,128,0.05,11274240,11272192,11272192,0.9049608839598551,,,0.9049608839598551,163.56949257850647
wandb_stage2/wandb/offline-run-20260316_233144-l23l6h87/run-l23l6h87.wandb,Llama-3.2-1B-Instruct,/leonardo_work/EUHPC_D31_132/models/models--meta-llama--Llama-3.2-1B-Instruct/snapshots/9213176726f574b556790deb65791e0c5aa438b6,mnli,0,vanilla_lora,vanilla_lora_r16,,,16,,,,attn_mlp,rs,contiguous,,0.0001,128,0.05,11278336,11272192,11272192,,0.8898624554253693,0.8932058584214809,0.8915341569234252,5850.528838634491
wandb_stage2/wandb/offline-run-20260316_234909-yh1s6a32/run-yh1s6a32.wandb,Llama-3.2-1B-Instruct,/leonardo_work/EUHPC_D31_132/models/models--meta-llama--Llama-3.2-1B-Instruct/snapshots/9213176726f574b556790deb65791e0c5aa438b6,cola,2,head_only,head_only,,,16,,,,attn_mlp,rs,contiguous,,0.0001,128,0.05,4096,0,,0.2482889518886538,,,0.2482889518886538,377.77408242225647
wandb_stage2/wandb/offline-run-20260316_235039-m7r1y30m/run-m7r1y30m.wandb,Qwen3-4B-Instruct-2507,/leonardo_work/EUHPC_D31_132/models/models--Qwen--Qwen3-4B-Instruct-2507/snapshots/cdbee75f17c01a7cc42f958dc650907174af0554,cola,2,full_ft,full_ft,,,16,,,,attn_mlp,rs,contiguous,,2e-05,128,0.05,4022473216,0,,0.6577802088813424,,,0.6577802088813424,1194.4971115589142
wandb_stage2/wandb/offline-run-20260316_235052-lkimxswv/run-lkimxswv.wandb,Qwen3-4B-Instruct-2507,/leonardo_work/EUHPC_D31_132/models/models--Qwen--Qwen3-4B-Instruct-2507/snapshots/cdbee75f17c01a7cc42f958dc650907174af0554,cola,1,head_only,head_only,,,16,,,,attn_mlp,rs,contiguous,,0.0001,128,0.05,5120,0,,0.28418764679829656,,,0.28418764679829656,527.2252957820892
wandb_stage2/wandb/offline-run-20260316_235058-lzb7ty14/run-lzb7ty14.wandb,Qwen3-4B-Instruct-2507,/leonardo_work/EUHPC_D31_132/models/models--Qwen--Qwen3-4B-Instruct-2507/snapshots/cdbee75f17c01a7cc42f958dc650907174af0554,cola,0,full_ft,full_ft,,,16,,,,attn_mlp,rs,contiguous,,2e-05,128,0.05,4022473216,0,,0.6586257452814152,,,0.6586257452814152,1232.9508650302887
wandb_stage2/wandb/offline-run-20260316_235059-w3evklt0/run-w3evklt0.wandb,Llama-3.2-1B-Instruct,/leonardo_work/EUHPC_D31_132/models/models--meta-llama--Llama-3.2-1B-Instruct/snapshots/9213176726f574b556790deb65791e0c5aa438b6,cola,2,vanilla_lora,vanilla_lora_r16,,,16,,,,attn_mlp,rs,contiguous,,0.0001,128,0.05,11276288,11272192,11272192,0.6341729207597924,,,0.6341729207597924,786.946212053299
wandb_stage2/wandb/offline-run-20260316_235122-7epb5z1a/run-7epb5z1a.wandb,Qwen3-4B-Instruct-2507,/leonardo_work/EUHPC_D31_132/models/models--Qwen--Qwen3-4B-Instruct-2507/snapshots/cdbee75f17c01a7cc42f958dc650907174af0554,cola,2,head_only,head_only,,,16,,,,attn_mlp,rs,contiguous,,0.0001,128,0.05,5120,0,,0.2655383665053918,,,0.2655383665053918,487.5019516944885
wandb_stage2/wandb/offline-run-20260316_235122-mmdymeqh/run-mmdymeqh.wandb,Llama-3.2-1B-Instruct,/leonardo_work/EUHPC_D31_132/models/models--meta-llama--Llama-3.2-1B-Instruct/snapshots/9213176726f574b556790deb65791e0c5aa438b6,cola,2,full_ft,full_ft,,,16,,,,attn_mlp,rs,contiguous,,2e-05,128,0.05,1235818496,0,,0.6491864052195153,,,0.6491864052195153,516.8386974334717
wandb_stage2/wandb/offline-run-20260316_235123-349pxgzu/run-349pxgzu.wandb,Qwen3-4B-Instruct-2507,/leonardo_work/EUHPC_D31_132/models/models--Qwen--Qwen3-4B-Instruct-2507/snapshots/cdbee75f17c01a7cc42f958dc650907174af0554,cola,1,full_ft,full_ft,,,16,,,,attn_mlp,rs,contiguous,,2e-05,128,0.05,4022473216,0,,0.6594730876317354,,,0.6594730876317354,1150.2669553756714
wandb_stage2/wandb/offline-run-20260316_235224-09tftl68/run-09tftl68.wandb,Qwen3-4B-Instruct-2507,/leonardo_work/EUHPC_D31_132/models/models--Qwen--Qwen3-4B-Instruct-2507/snapshots/cdbee75f17c01a7cc42f958dc650907174af0554,cola,2,vanilla_lora,vanilla_lora_r16,,,16,,,,attn_mlp,rs,contiguous,,0.0001,128,0.05,33035264,33030144,32833555,0.6991874623536085,,,0.6991874623536085,1557.2029869556427
wandb_stage2/wandb/offline-run-20260316_235947-ppssy4r6/run-ppssy4r6.wandb,Llama-3.2-1B-Instruct,/leonardo_work/EUHPC_D31_132/models/models--meta-llama--Llama-3.2-1B-Instruct/snapshots/9213176726f574b556790deb65791e0c5aa438b6,sst2,2,head_only,head_only,,,16,,,,attn_mlp,rs,contiguous,,0.0001,128,0.05,4096,0,,0.8979357798165137,,,0.8979357798165137,241.0868411064148
wandb_stage2/wandb/offline-run-20260317_000231-1vdi3a6y/run-1vdi3a6y.wandb,Qwen3-4B-Instruct-2507,/leonardo_work/EUHPC_D31_132/models/models--Qwen--Qwen3-4B-Instruct-2507/snapshots/cdbee75f17c01a7cc42f958dc650907174af0554,sst2,1,head_only,head_only,,,16,,,,attn_mlp,rs,contiguous,,0.0001,128,0.05,5120,0,,0.8818807339449541,,,0.8818807339449541,437.13389110565186
wandb_stage2/wandb/offline-run-20260317_000407-yy0hj4ij/run-yy0hj4ij.wandb,Qwen3-4B-Instruct-2507,/leonardo_work/EUHPC_D31_132/models/models--Qwen--Qwen3-4B-Instruct-2507/snapshots/cdbee75f17c01a7cc42f958dc650907174af0554,sst2,2,head_only,head_only,,,16,,,,attn_mlp,rs,contiguous,,0.0001,128,0.05,5120,0,,0.8876146788990825,,,0.8876146788990825,317.0360176563263
wandb_stage2/wandb/offline-run-20260317_000525-b3dy9tor/run-b3dy9tor.wandb,Llama-3.2-1B-Instruct,/leonardo_work/EUHPC_D31_132/models/models--meta-llama--Llama-3.2-1B-Instruct/snapshots/9213176726f574b556790deb65791e0c5aa438b6,sst2,2,full_ft,full_ft,,,16,,,,attn_mlp,rs,contiguous,,2e-05,128,0.05,1235818496,0,,0.9564220183486238,,,0.9564220183486238,1313.644368171692
wandb_stage2/wandb/offline-run-20260317_000904-ml4onqeh/run-ml4onqeh.wandb,Llama-3.2-1B-Instruct,/leonardo_work/EUHPC_D31_132/models/models--meta-llama--Llama-3.2-1B-Instruct/snapshots/9213176726f574b556790deb65791e0c5aa438b6,mrpc,2,head_only,head_only,,,16,,,,attn_mlp,rs,contiguous,,0.0001,128,0.05,4096,0,,0.7387055071612671,,,0.7387055071612671,23.83138632774353
wandb_stage2/wandb/offline-run-20260317_001024-cssxazej/run-cssxazej.wandb,Llama-3.2-1B-Instruct,/leonardo_work/EUHPC_D31_132/models/models--meta-llama--Llama-3.2-1B-Instruct/snapshots/9213176726f574b556790deb65791e0c5aa438b6,cola,2,bd_lora,bd_lora_r16_n4_rowblock_a,,,16,4,4,block_a,attn_mlp,rs,contiguous,,0.0001,128,0.05,5574656,5570560,5570560,0.6565398611996484,,,0.6565398611996484,163.2620506286621
wandb_stage2/wandb/offline-run-20260317_001332-aox4iewf/run-aox4iewf.wandb,Qwen3-4B-Instruct-2507,/leonardo_work/EUHPC_D31_132/models/models--Qwen--Qwen3-4B-Instruct-2507/snapshots/cdbee75f17c01a7cc42f958dc650907174af0554,sst2,1,full_ft,full_ft,,,16,,,,attn_mlp,rs,contiguous,,2e-05,128,0.05,4022473216,0,,0.966743119266055,,,0.966743119266055,4115.124258518219
wandb_stage2/wandb/offline-run-20260317_001517-w24y8a7h/run-w24y8a7h.wandb,Llama-3.2-1B-Instruct,/leonardo_work/EUHPC_D31_132/models/models--meta-llama--Llama-3.2-1B-Instruct/snapshots/9213176726f574b556790deb65791e0c5aa438b6,qqp,2,head_only,head_only,,,16,,,,attn_mlp,rs,contiguous,,0.0001,128,0.05,4096,0,,0.7366741495157006,,,0.7366741495157006,759.664867401123
wandb_stage2/wandb/offline-run-20260317_001518-fwk7rxq7/run-fwk7rxq7.wandb,Qwen3-4B-Instruct-2507,/leonardo_work/EUHPC_D31_132/models/models--Qwen--Qwen3-4B-Instruct-2507/snapshots/cdbee75f17c01a7cc42f958dc650907174af0554,mrpc,2,head_only,head_only,,,16,,,,attn_mlp,rs,contiguous,,0.0001,128,0.05,5120,0,,0.7760401424251293,,,0.7760401424251293,23.984219074249268
wandb_stage2/wandb/offline-run-20260317_001526-quhlkkn7/run-quhlkkn7.wandb,Qwen3-4B-Instruct-2507,/leonardo_work/EUHPC_D31_132/models/models--Qwen--Qwen3-4B-Instruct-2507/snapshots/cdbee75f17c01a7cc42f958dc650907174af0554,mrpc,1,head_only,head_only,,,16,,,,attn_mlp,rs,contiguous,,0.0001,128,0.05,5120,0,,0.7662413616374038,,,0.7662413616374038,35.375081062316895
wandb_stage2/wandb/offline-run-20260317_001547-rwefkm5q/run-rwefkm5q.wandb,Qwen3-4B-Instruct-2507,/leonardo_work/EUHPC_D31_132/models/models--Qwen--Qwen3-4B-Instruct-2507/snapshots/cdbee75f17c01a7cc42f958dc650907174af0554,sst2,0,full_ft,full_ft,,,16,,,,attn_mlp,rs,contiguous,,2e-05,128,0.05,4022473216,0,,0.9644495412844036,,,0.9644495412844036,4102.43183016777
wandb_stage2/wandb/offline-run-20260317_001550-nzilw9n1/run-nzilw9n1.wandb,Qwen3-4B-Instruct-2507,/leonardo_work/EUHPC_D31_132/models/models--Qwen--Qwen3-4B-Instruct-2507/snapshots/cdbee75f17c01a7cc42f958dc650907174af0554,sst2,2,full_ft,full_ft,,,16,,,,attn_mlp,rs,contiguous,,2e-05,128,0.05,4022473216,0,,0.9655963302752294,,,0.9655963302752294,4004.6773476600647
wandb_stage2/wandb/offline-run-20260317_001830-z2n7hus8/run-z2n7hus8.wandb,Llama-3.2-1B-Instruct,/leonardo_work/EUHPC_D31_132/models/models--meta-llama--Llama-3.2-1B-Instruct/snapshots/9213176726f574b556790deb65791e0c5aa438b6,cola,2,group_local,group_local_equal_r16_m16,equal,,16,16,,,attn_mlp,rs,contiguous,,0.0001,128,0.05,11276288,11272192,11272192,0.6303656919217502,,,0.6303656919217502,186.59160089492798
wandb_stage2/wandb/offline-run-20260317_002009-8y4964yd/run-8y4964yd.wandb,Qwen3-4B-Instruct-2507,/leonardo_work/EUHPC_D31_132/models/models--Qwen--Qwen3-4B-Instruct-2507/snapshots/cdbee75f17c01a7cc42f958dc650907174af0554,qqp,1,head_only,head_only,,,16,,,,attn_mlp,rs,contiguous,,0.0001,128,0.05,5120,0,,0.7997934166032706,,,0.7997934166032706,1722.2157926559448
wandb_stage2/wandb/offline-run-20260317_002236-e8ecksr6/run-e8ecksr6.wandb,Qwen3-4B-Instruct-2507,/leonardo_work/EUHPC_D31_132/models/models--Qwen--Qwen3-4B-Instruct-2507/snapshots/cdbee75f17c01a7cc42f958dc650907174af0554,qqp,2,head_only,head_only,,,16,,,,attn_mlp,rs,contiguous,,0.0001,128,0.05,5120,0,,0.8031950094560907,,,0.8031950094560907,1602.5872435569763
wandb_stage2/wandb/offline-run-20260317_002322-99yz6ujc/run-99yz6ujc.wandb,Qwen3-4B-Instruct-2507,/leonardo_work/EUHPC_D31_132/models/models--Qwen--Qwen3-4B-Instruct-2507/snapshots/cdbee75f17c01a7cc42f958dc650907174af0554,cola,2,bd_lora,bd_lora_r16_n4_rowblock_a,,,16,4,4,block_a,attn_mlp,rs,contiguous,,0.0001,128,0.05,16004096,15998976,15919111,0.654883573850459,,,0.654883573850459,420.18655467033386
wandb_stage2/wandb/offline-run-20260317_002640-s3zcmytq/run-s3zcmytq.wandb,Llama-3.2-1B-Instruct,/leonardo_work/EUHPC_D31_132/models/models--meta-llama--Llama-3.2-1B-Instruct/snapshots/9213176726f574b556790deb65791e0c5aa438b6,cola,2,group_local,group_local_param_r16_m16_d0,param,0,16,16,,,attn_mlp,rs,contiguous,,0.0001,128,0.05,11276288,11272192,11272192,0.6303656919217502,,,0.6303656919217502,171.75004935264587
wandb_stage2/wandb/offline-run-20260317_003244-pcgnwo4d/run-pcgnwo4d.wandb,Llama-3.2-1B-Instruct,/leonardo_work/EUHPC_D31_132/models/models--meta-llama--Llama-3.2-1B-Instruct/snapshots/9213176726f574b556790deb65791e0c5aa438b6,sst2,2,vanilla_lora,vanilla_lora_r16,,,16,,,,attn_mlp,rs,contiguous,,0.0001,128,0.05,11276288,11272192,11272192,0.9610091743119266,,,0.9610091743119266,1133.08118891716
wandb_stage2/wandb/offline-run-20260317_003253-qe0oqvzr/run-qe0oqvzr.wandb,Llama-3.2-1B-Instruct,/leonardo_work/EUHPC_D31_132/models/models--meta-llama--Llama-3.2-1B-Instruct/snapshots/9213176726f574b556790deb65791e0c5aa438b6,mrpc,2,full_ft,full_ft,,,16,,,,attn_mlp,rs,contiguous,,2e-05,128,0.05,1235818496,0,,0.8862883181441591,,,0.8862883181441591,77.80053663253784
wandb_stage2/wandb/offline-run-20260317_003337-uq9wra36/run-uq9wra36.wandb,Llama-3.2-1B-Instruct,/leonardo_work/EUHPC_D31_132/models/models--meta-llama--Llama-3.2-1B-Instruct/snapshots/9213176726f574b556790deb65791e0c5aa438b6,stsb,2,head_only,head_only,,,16,,,,attn_mlp,rs,contiguous,,0.0001,128,0.05,2048,0,,0.29604103007365923,,,0.29604103007365923,17.22959280014038
wandb_stage2/wandb/offline-run-20260317_003441-usmo7tqb/run-usmo7tqb.wandb,Qwen3-4B-Instruct-2507,/leonardo_work/EUHPC_D31_132/models/models--Qwen--Qwen3-4B-Instruct-2507/snapshots/cdbee75f17c01a7cc42f958dc650907174af0554,cola,2,group_local,group_local_equal_r16_m16,equal,,16,16,,,attn_mlp,rs,contiguous,,0.0001,128,0.05,33035264,33030144,32776211,0.6828179606796971,,,0.6828179606796971,457.3006365299225
wandb_stage2/wandb/offline-run-20260317_003729-yqt97qkn/run-yqt97qkn.wandb,Llama-3.2-1B-Instruct,/leonardo_work/EUHPC_D31_132/models/models--meta-llama--Llama-3.2-1B-Instruct/snapshots/9213176726f574b556790deb65791e0c5aa438b6,mnli,2,head_only,head_only,,,16,,,,attn_mlp,rs,contiguous,,0.0001,128,0.05,6144,0,,,0.5420275089149261,0.5499389747762409,0.5459832418455834,963.5862896442413
wandb_stage2/wandb/offline-run-20260317_004014-datk3mmq/run-datk3mmq.wandb,Llama-3.2-1B-Instruct,/leonardo_work/EUHPC_D31_132/models/models--meta-llama--Llama-3.2-1B-Instruct/snapshots/9213176726f574b556790deb65791e0c5aa438b6,qqp,2,full_ft,full_ft,,,16,,,,attn_mlp,rs,contiguous,,2e-05,128,0.05,1235818496,0,,0.897232122462814,,,0.897232122462814,7077.620987653732
wandb_stage2/wandb/offline-run-20260317_004721-b6hzpyqg/run-b6hzpyqg.wandb,Qwen3-4B-Instruct-2507,/leonardo_work/EUHPC_D31_132/models/models--Qwen--Qwen3-4B-Instruct-2507/snapshots/cdbee75f17c01a7cc42f958dc650907174af0554,cola,2,group_local,group_local_param_r16_m16_d0,param,0,16,16,,,attn_mlp,rs,contiguous,,0.0001,128,0.05,33035264,33030144,32776211,0.6828179606796971,,,0.6828179606796971,449.22598695755005
wandb_stage2/wandb/offline-run-20260317_005523-7t1eo3bd/run-7t1eo3bd.wandb,Qwen3-4B-Instruct-2507,/leonardo_work/EUHPC_D31_132/models/models--Qwen--Qwen3-4B-Instruct-2507/snapshots/cdbee75f17c01a7cc42f958dc650907174af0554,stsb,1,head_only,head_only,,,16,,,,attn_mlp,rs,contiguous,,0.0001,128,0.05,2560,0,,0.5157583988774156,,,0.5157583988774156,41.81933236122131
wandb_stage2/wandb/offline-run-20260317_005529-g6sr2rob/run-g6sr2rob.wandb,Qwen3-4B-Instruct-2507,/leonardo_work/EUHPC_D31_132/models/models--Qwen--Qwen3-4B-Instruct-2507/snapshots/cdbee75f17c01a7cc42f958dc650907174af0554,stsb,2,head_only,head_only,,,16,,,,attn_mlp,rs,contiguous,,0.0001,128,0.05,2560,0,,0.4874079206073809,,,0.4874079206073809,81.1760184764862
wandb_stage2/wandb/offline-run-20260317_005643-ahpd14u9/run-ahpd14u9.wandb,Llama-3.2-1B-Instruct,/leonardo_work/EUHPC_D31_132/models/models--meta-llama--Llama-3.2-1B-Instruct/snapshots/9213176726f574b556790deb65791e0c5aa438b6,sst2,2,bd_lora,bd_lora_r16_n4_rowblock_a,,,16,4,4,block_a,attn_mlp,rs,contiguous,,0.0001,128,0.05,5574656,5570560,5570560,0.9587155963302753,,,0.9587155963302753,1348.8876175880432
wandb_stage2/wandb/offline-run-20260317_005726-fmfgi1w6/run-fmfgi1w6.wandb,Llama-3.2-1B-Instruct,/leonardo_work/EUHPC_D31_132/models/models--meta-llama--Llama-3.2-1B-Instruct/snapshots/9213176726f574b556790deb65791e0c5aa438b6,qnli,2,head_only,head_only,,,16,,,,attn_mlp,rs,contiguous,,0.0001,128,0.05,4096,0,,0.6985172981878089,,,0.6985172981878089,359.3275845050812
wandb_stage2/wandb/offline-run-20260317_010056-cghxa92u/run-cghxa92u.wandb,Qwen3-4B-Instruct-2507,/leonardo_work/EUHPC_D31_132/models/models--Qwen--Qwen3-4B-Instruct-2507/snapshots/cdbee75f17c01a7cc42f958dc650907174af0554,sst2,2,vanilla_lora,vanilla_lora_r16,,,16,,,,attn_mlp,rs,contiguous,,0.0001,128,0.05,33035264,33030144,32833555,0.9644495412844036,,,0.9644495412844036,2481.0288050174713
wandb_stage2/wandb/offline-run-20260317_010255-zoynmjib/run-zoynmjib.wandb,Llama-3.2-1B-Instruct,/leonardo_work/EUHPC_D31_132/models/models--meta-llama--Llama-3.2-1B-Instruct/snapshots/9213176726f574b556790deb65791e0c5aa438b6,stsb,1,vanilla_lora,vanilla_lora_r16,,,16,,,,attn_mlp,rs,contiguous,,0.0001,128,0.05,11274240,11272192,11272192,0.905854746338489,,,0.905854746338489,99.97951698303223
wandb_stage2/wandb/offline-run-20260317_010306-zt5ah4mm/run-zt5ah4mm.wandb,Qwen3-4B-Instruct-2507,/leonardo_work/EUHPC_D31_132/models/models--Qwen--Qwen3-4B-Instruct-2507/snapshots/cdbee75f17c01a7cc42f958dc650907174af0554,mnli,1,head_only,head_only,,,16,,,,attn_mlp,rs,contiguous,,0.0001,128,0.05,7680,0,,,0.6805909322465614,0.6866354759967453,0.6836132041216534,1961.4121787548065
wandb_stage2/wandb/offline-run-20260317_010349-z51rd745/run-z51rd745.wandb,Qwen3-4B-Instruct-2507,/leonardo_work/EUHPC_D31_132/models/models--Qwen--Qwen3-4B-Instruct-2507/snapshots/cdbee75f17c01a7cc42f958dc650907174af0554,mnli,2,head_only,head_only,,,16,,,,attn_mlp,rs,contiguous,,0.0001,128,0.05,7680,0,,,0.6836474783494652,0.6815500406834825,0.6825987595164738,1862.2879874706268
wandb_stage2/wandb/offline-run-20260317_010851-m33bce73/run-m33bce73.wandb,Llama-3.2-1B-Instruct,/leonardo_work/EUHPC_D31_132/models/models--meta-llama--Llama-3.2-1B-Instruct/snapshots/9213176726f574b556790deb65791e0c5aa438b6,rte,2,head_only,head_only,,,16,,,,attn_mlp,rs,contiguous,,0.0001,128,0.05,4096,0,,0.5595667870036101,,,0.5595667870036101,6.902328729629517
wandb_stage2/wandb/offline-run-20260317_010949-2vz9ill6/run-2vz9ill6.wandb,Llama-3.2-1B-Instruct,/leonardo_work/EUHPC_D31_132/models/models--meta-llama--Llama-3.2-1B-Instruct/snapshots/9213176726f574b556790deb65791e0c5aa438b6,stsb,1,bd_lora,bd_lora_r16_n4_rowblock_a,,,16,4,4,block_a,attn_mlp,rs,contiguous,,0.0001,128,0.05,5572608,5570560,5570560,0.8890707905358282,,,0.8890707905358282,142.15645956993103
wandb_stage2/wandb/offline-run-20260317_011356-zb0ntxe9/run-zb0ntxe9.wandb,Llama-3.2-1B-Instruct,/leonardo_work/EUHPC_D31_132/models/models--meta-llama--Llama-3.2-1B-Instruct/snapshots/9213176726f574b556790deb65791e0c5aa438b6,wnli,2,head_only,head_only,,,16,,,,attn_mlp,rs,contiguous,,0.0001,128,0.05,4096,0,,0.6197183098591549,,,0.6197183098591549,22.897812128067017
wandb_stage2/wandb/offline-run-20260317_011531-jrrqldiw/run-jrrqldiw.wandb,Llama-3.2-1B-Instruct,/leonardo_work/EUHPC_D31_132/models/models--meta-llama--Llama-3.2-1B-Instruct/snapshots/9213176726f574b556790deb65791e0c5aa438b6,mnli,0,bd_lora,bd_lora_r16_n4_rowblock_a,,,16,4,4,block_a,attn_mlp,rs,contiguous,,0.0001,128,0.05,5576704,5570560,5570560,,0.8836474783494651,0.8895443449959316,0.8865959116726984,7549.379982471466
wandb_stage2/wandb/offline-run-20260317_011612-atiahnv1/run-atiahnv1.wandb,Llama-3.2-1B-Instruct,/leonardo_work/EUHPC_D31_132/models/models--meta-llama--Llama-3.2-1B-Instruct/snapshots/9213176726f574b556790deb65791e0c5aa438b6,stsb,1,group_local,group_local_equal_r16_m16,equal,,16,16,,,attn_mlp,rs,contiguous,,0.0001,128,0.05,11274240,11272192,11272192,0.902263107155878,,,0.902263107155878,240.01762413978577
wandb_stage2/wandb/offline-run-20260317_012451-c6f63j7i/run-c6f63j7i.wandb,Llama-3.2-1B-Instruct,/leonardo_work/EUHPC_D31_132/models/models--meta-llama--Llama-3.2-1B-Instruct/snapshots/9213176726f574b556790deb65791e0c5aa438b6,sst2,2,group_local,group_local_equal_r16_m16,equal,,16,16,,,attn_mlp,rs,contiguous,,0.0001,128,0.05,11276288,11272192,11272192,0.9541284403669725,,,0.9541284403669725,1213.8877935409546
wandb_stage2/wandb/offline-run-20260317_012533-bwf9nhmi/run-bwf9nhmi.wandb,Llama-3.2-1B-Instruct,/leonardo_work/EUHPC_D31_132/models/models--meta-llama--Llama-3.2-1B-Instruct/snapshots/9213176726f574b556790deb65791e0c5aa438b6,stsb,1,group_local,group_local_param_r16_m16_d0,param,0,16,16,,,attn_mlp,rs,contiguous,,0.0001,128,0.05,11274240,11272192,11272192,0.902263107155878,,,0.902263107155878,122.78160738945007
wandb_stage2/wandb/offline-run-20260317_012742-oxhpgb0b/run-oxhpgb0b.wandb,Qwen3-4B-Instruct-2507,/leonardo_work/EUHPC_D31_132/models/models--Qwen--Qwen3-4B-Instruct-2507/snapshots/cdbee75f17c01a7cc42f958dc650907174af0554,mrpc,1,full_ft,full_ft,,,16,,,,attn_mlp,rs,contiguous,,2e-05,128,0.05,4022473216,0,,0.9013897443794272,,,0.9013897443794272,239.34474539756775
wandb_stage2/wandb/offline-run-20260317_012801-svvwslt4/run-svvwslt4.wandb,Qwen3-4B-Instruct-2507,/leonardo_work/EUHPC_D31_132/models/models--Qwen--Qwen3-4B-Instruct-2507/snapshots/cdbee75f17c01a7cc42f958dc650907174af0554,mrpc,2,full_ft,full_ft,,,16,,,,attn_mlp,rs,contiguous,,2e-05,128,0.05,4022473216,0,,0.9092508242234947,,,0.9092508242234947,224.4021191596985
wandb_stage2/wandb/offline-run-20260317_013000-5zfko3bh/run-5zfko3bh.wandb,Qwen3-4B-Instruct-2507,/leonardo_work/EUHPC_D31_132/models/models--Qwen--Qwen3-4B-Instruct-2507/snapshots/cdbee75f17c01a7cc42f958dc650907174af0554,mrpc,0,full_ft,full_ft,,,16,,,,attn_mlp,rs,contiguous,,2e-05,128,0.05,4022473216,0,,0.9015323955669223,,,0.9015323955669223,254.25751328468323
wandb_stage2/wandb/offline-run-20260317_013301-1zfsl9y2/run-1zfsl9y2.wandb,Llama-3.2-1B-Instruct,/leonardo_work/EUHPC_D31_132/models/models--meta-llama--Llama-3.2-1B-Instruct/snapshots/9213176726f574b556790deb65791e0c5aa438b6,mnli,1,vanilla_lora,vanilla_lora_r16,,,16,,,,attn_mlp,rs,contiguous,,0.0001,128,0.05,11278336,11272192,11272192,,0.887111563932756,0.8936126932465419,0.890362128589649,5810.561106920242
wandb_stage2/wandb/offline-run-20260317_013452-7vbkr9xg/run-7vbkr9xg.wandb,Qwen3-4B-Instruct-2507,/leonardo_work/EUHPC_D31_132/models/models--Qwen--Qwen3-4B-Instruct-2507/snapshots/cdbee75f17c01a7cc42f958dc650907174af0554,qqp,1,full_ft,full_ft,,,16,,,,attn_mlp,rs,contiguous,,2e-05,128,0.05,4022473216,0,,0.9040926470709677,,,0.9040926470709677,21938.540704250336
wandb_stage2/wandb/offline-run-20260317_013722-lk68v0if/run-lk68v0if.wandb,Qwen3-4B-Instruct-2507,/leonardo_work/EUHPC_D31_132/models/models--Qwen--Qwen3-4B-Instruct-2507/snapshots/cdbee75f17c01a7cc42f958dc650907174af0554,qqp,2,full_ft,full_ft,,,16,,,,attn_mlp,rs,contiguous,,2e-05,128,0.05,4022473216,0,,0.9032735324522716,,,0.9032735324522716,21854.859250068665
wandb_stage2/wandb/offline-run-20260317_013954-whw8t84o/run-whw8t84o.wandb,Qwen3-4B-Instruct-2507,/leonardo_work/EUHPC_D31_132/models/models--Qwen--Qwen3-4B-Instruct-2507/snapshots/cdbee75f17c01a7cc42f958dc650907174af0554,qqp,0,full_ft,full_ft,,,16,,,,attn_mlp,rs,contiguous,,2e-05,128,0.05,4022473216,0,,0.9029557858966045,,,0.9029557858966045,21811.601996421814
wandb_stage2/wandb/offline-run-20260317_014126-tug44vwj/run-tug44vwj.wandb,Qwen3-4B-Instruct-2507,/leonardo_work/EUHPC_D31_132/models/models--Qwen--Qwen3-4B-Instruct-2507/snapshots/cdbee75f17c01a7cc42f958dc650907174af0554,qnli,2,head_only,head_only,,,16,,,,attn_mlp,rs,contiguous,,0.0001,128,0.05,5120,0,,0.8427603880651656,,,0.8427603880651656,567.0484657287598
wandb_stage2/wandb/offline-run-20260317_014230-09fxdd5z/run-09fxdd5z.wandb,Qwen3-4B-Instruct-2507,/leonardo_work/EUHPC_D31_132/models/models--Qwen--Qwen3-4B-Instruct-2507/snapshots/cdbee75f17c01a7cc42f958dc650907174af0554,qnli,1,head_only,head_only,,,16,,,,attn_mlp,rs,contiguous,,0.0001,128,0.05,5120,0,,0.838733296723412,,,0.838733296723412,545.951340675354
wandb_stage2/wandb/offline-run-20260317_014653-a5ldqd1y/run-a5ldqd1y.wandb,Qwen3-4B-Instruct-2507,/leonardo_work/EUHPC_D31_132/models/models--Qwen--Qwen3-4B-Instruct-2507/snapshots/cdbee75f17c01a7cc42f958dc650907174af0554,sst2,2,bd_lora,bd_lora_r16_n4_rowblock_a,,,16,4,4,block_a,attn_mlp,rs,contiguous,,0.0001,128,0.05,16004096,15998976,15919111,0.9621559633027523,,,0.9621559633027523,3134.7616724967957
wandb_stage2/wandb/offline-run-20260317_015043-d810iaxt/run-d810iaxt.wandb,Llama-3.2-1B-Instruct,/leonardo_work/EUHPC_D31_132/models/models--meta-llama--Llama-3.2-1B-Instruct/snapshots/9213176726f574b556790deb65791e0c5aa438b6,sst2,2,group_local,group_local_param_r16_m16_d0,param,0,16,16,,,attn_mlp,rs,contiguous,,0.0001,128,0.05,11276288,11272192,11272192,0.9541284403669725,,,0.9541284403669725,1223.9555222988129
wandb_stage2/wandb/offline-run-20260317_015627-g4dbntqg/run-g4dbntqg.wandb,Qwen3-4B-Instruct-2507,/leonardo_work/EUHPC_D31_132/models/models--Qwen--Qwen3-4B-Instruct-2507/snapshots/cdbee75f17c01a7cc42f958dc650907174af0554,rte,1,head_only,head_only,,,16,,,,attn_mlp,rs,contiguous,,0.0001,128,0.05,5120,0,,0.6064981949458483,,,0.6064981949458483,47.12162780761719
wandb_stage2/wandb/offline-run-20260317_015631-szkgs0bh/run-szkgs0bh.wandb,Qwen3-4B-Instruct-2507,/leonardo_work/EUHPC_D31_132/models/models--Qwen--Qwen3-4B-Instruct-2507/snapshots/cdbee75f17c01a7cc42f958dc650907174af0554,rte,2,head_only,head_only,,,16,,,,attn_mlp,rs,contiguous,,0.0001,128,0.05,5120,0,,0.6101083032490975,,,0.6101083032490975,31.336955070495605
wandb_stage2/wandb/offline-run-20260317_020144-bnebgqzr/run-bnebgqzr.wandb,Qwen3-4B-Instruct-2507,/leonardo_work/EUHPC_D31_132/models/models--Qwen--Qwen3-4B-Instruct-2507/snapshots/cdbee75f17c01a7cc42f958dc650907174af0554,wnli,2,head_only,head_only,,,16,,,,attn_mlp,rs,contiguous,,0.0001,128,0.05,5120,0,,0.43661971830985913,,,0.43661971830985913,87.98316359519958
wandb_stage2/wandb/offline-run-20260317_020309-w6tz11hs/run-w6tz11hs.wandb,Qwen3-4B-Instruct-2507,/leonardo_work/EUHPC_D31_132/models/models--Qwen--Qwen3-4B-Instruct-2507/snapshots/cdbee75f17c01a7cc42f958dc650907174af0554,wnli,1,head_only,head_only,,,16,,,,attn_mlp,rs,contiguous,,0.0001,128,0.05,5120,0,,0.49295774647887325,,,0.49295774647887325,4.6049346923828125
wandb_stage2/wandb/offline-run-20260317_021328-djtuh1f8/run-djtuh1f8.wandb,Llama-3.2-1B-Instruct,/leonardo_work/EUHPC_D31_132/models/models--meta-llama--Llama-3.2-1B-Instruct/snapshots/9213176726f574b556790deb65791e0c5aa438b6,mrpc,2,vanilla_lora,vanilla_lora_r16,,,16,,,,attn_mlp,rs,contiguous,,0.0001,128,0.05,11276288,11272192,11272192,0.8751114081996434,,,0.8751114081996434,262.40052938461304
wandb_stage2/wandb/offline-run-20260317_022316-9xkcim86/run-9xkcim86.wandb,Llama-3.2-1B-Instruct,/leonardo_work/EUHPC_D31_132/models/models--meta-llama--Llama-3.2-1B-Instruct/snapshots/9213176726f574b556790deb65791e0c5aa438b6,mrpc,2,bd_lora,bd_lora_r16_n4_rowblock_a,,,16,4,4,block_a,attn_mlp,rs,contiguous,,0.0001,128,0.05,5574656,5570560,5570560,0.8825920612147298,,,0.8825920612147298,93.77725672721863
wandb_stage2/wandb/offline-run-20260317_022840-jd5okbsh/run-jd5okbsh.wandb,Llama-3.2-1B-Instruct,/leonardo_work/EUHPC_D31_132/models/models--meta-llama--Llama-3.2-1B-Instruct/snapshots/9213176726f574b556790deb65791e0c5aa438b6,mrpc,2,group_local,group_local_equal_r16_m16,equal,,16,16,,,attn_mlp,rs,contiguous,,0.0001,128,0.05,11276288,11272192,11272192,0.8795253891965312,,,0.8795253891965312,168.87560057640076
wandb_stage2/wandb/offline-run-20260317_023714-f8t3guya/run-f8t3guya.wandb,Llama-3.2-1B-Instruct,/leonardo_work/EUHPC_D31_132/models/models--meta-llama--Llama-3.2-1B-Instruct/snapshots/9213176726f574b556790deb65791e0c5aa438b6,mrpc,2,group_local,group_local_param_r16_m16_d0,param,0,16,16,,,attn_mlp,rs,contiguous,,0.0001,128,0.05,11276288,11272192,11272192,0.8795253891965312,,,0.8795253891965312,82.76634526252747
wandb_stage2/wandb/offline-run-20260317_024208-4fcvyjyd/run-4fcvyjyd.wandb,Llama-3.2-1B-Instruct,/leonardo_work/EUHPC_D31_132/models/models--meta-llama--Llama-3.2-1B-Instruct/snapshots/9213176726f574b556790deb65791e0c5aa438b6,stsb,2,full_ft,full_ft,,,16,,,,attn_mlp,rs,contiguous,,2e-05,128,0.05,1235816448,0,,0.9048237495936364,,,0.9048237495936364,221.4861762523651
wandb_stage2/wandb/offline-run-20260317_024302-fhtxpwsf/run-fhtxpwsf.wandb,Llama-3.2-1B-Instruct,/leonardo_work/EUHPC_D31_132/models/models--meta-llama--Llama-3.2-1B-Instruct/snapshots/9213176726f574b556790deb65791e0c5aa438b6,qqp,2,vanilla_lora,vanilla_lora_r16,,,16,,,,attn_mlp,rs,contiguous,,0.0001,128,0.05,11276288,11272192,11272192,0.8909236835203718,,,0.8909236835203718,5430.62649512291
wandb_stage2/wandb/offline-run-20260317_024527-mdksd5tp/run-mdksd5tp.wandb,Qwen3-4B-Instruct-2507,/leonardo_work/EUHPC_D31_132/models/models--Qwen--Qwen3-4B-Instruct-2507/snapshots/cdbee75f17c01a7cc42f958dc650907174af0554,sst2,2,group_local,group_local_equal_r16_m16,equal,,16,16,,,attn_mlp,rs,contiguous,,0.0001,128,0.05,33035264,33030144,32776211,0.9621559633027523,,,0.9621559633027523,3016.122566461563
wandb_stage2/wandb/offline-run-20260317_025200-alz3vn9r/run-alz3vn9r.wandb,Llama-3.2-1B-Instruct,/leonardo_work/EUHPC_D31_132/models/models--meta-llama--Llama-3.2-1B-Instruct/snapshots/9213176726f574b556790deb65791e0c5aa438b6,mnli,2,full_ft,full_ft,,,16,,,,attn_mlp,rs,contiguous,,2e-05,128,0.05,1235820544,0,,,0.8915944982170148,0.8926973148901546,0.8921459065535846,7688.20666384697
wandb_stage2/wandb/offline-run-20260317_031516-4tuuw0e2/run-4tuuw0e2.wandb,Llama-3.2-1B-Instruct,/leonardo_work/EUHPC_D31_132/models/models--meta-llama--Llama-3.2-1B-Instruct/snapshots/9213176726f574b556790deb65791e0c5aa438b6,mnli,1,bd_lora,bd_lora_r16_n4_rowblock_a,,,16,4,4,block_a,attn_mlp,rs,contiguous,,0.0001,128,0.05,5576704,5570560,5570560,,0.8829342842587876,0.8913751017087063,0.8871546929837469,7432.117545843124
wandb_stage2/wandb/offline-run-20260317_032625-ulap336o/run-ulap336o.wandb,Llama-3.2-1B-Instruct,/leonardo_work/EUHPC_D31_132/models/models--meta-llama--Llama-3.2-1B-Instruct/snapshots/9213176726f574b556790deb65791e0c5aa438b6,mnli,0,group_local,group_local_equal_r16_m16,equal,,16,16,,,attn_mlp,rs,contiguous,,0.0001,128,0.05,11278336,11272192,11272192,,0.8889454915944982,0.8922904800650936,0.8906179858297959,7301.625811576843
wandb_stage2/wandb/offline-run-20260317_034021-h4elxerf/run-h4elxerf.wandb,Qwen3-4B-Instruct-2507,/leonardo_work/EUHPC_D31_132/models/models--Qwen--Qwen3-4B-Instruct-2507/snapshots/cdbee75f17c01a7cc42f958dc650907174af0554,sst2,2,group_local,group_local_param_r16_m16_d0,param,0,16,16,,,attn_mlp,rs,contiguous,,0.0001,128,0.05,33035264,33030144,32776211,0.9621559633027523,,,0.9621559633027523,3037.0927340984344
wandb_stage2/wandb/offline-run-20260317_041851-nfe0vb53/run-nfe0vb53.wandb,Llama-3.2-1B-Instruct,/leonardo_work/EUHPC_D31_132/models/models--meta-llama--Llama-3.2-1B-Instruct/snapshots/9213176726f574b556790deb65791e0c5aa438b6,qqp,2,bd_lora,bd_lora_r16_n4_rowblock_a,,,16,4,4,block_a,attn_mlp,rs,contiguous,,0.0001,128,0.05,5574656,5570560,5570560,0.8816659460375383,,,0.8816659460375383,6863.061318397522
wandb_stage2/wandb/offline-run-20260317_043424-g3jt0de7/run-g3jt0de7.wandb,Qwen3-4B-Instruct-2507,/leonardo_work/EUHPC_D31_132/models/models--Qwen--Qwen3-4B-Instruct-2507/snapshots/cdbee75f17c01a7cc42f958dc650907174af0554,mrpc,2,vanilla_lora,vanilla_lora_r16,,,16,,,,attn_mlp,rs,contiguous,,0.0001,128,0.05,33035264,33030144,32833555,0.9181744687403757,,,0.9181744687403757,278.0055727958679
wandb_stage2/wandb/offline-run-20260317_044444-tfy68rpc/run-tfy68rpc.wandb,Qwen3-4B-Instruct-2507,/leonardo_work/EUHPC_D31_132/models/models--Qwen--Qwen3-4B-Instruct-2507/snapshots/cdbee75f17c01a7cc42f958dc650907174af0554,mrpc,2,bd_lora,bd_lora_r16_n4_rowblock_a,,,16,4,4,block_a,attn_mlp,rs,contiguous,,0.0001,128,0.05,16004096,15998976,15919111,0.9076168929110107,,,0.9076168929110107,170.03445768356323
wandb_stage2/wandb/offline-run-20260317_045107-7q1yn10w/run-7q1yn10w.wandb,Qwen3-4B-Instruct-2507,/leonardo_work/EUHPC_D31_132/models/models--Qwen--Qwen3-4B-Instruct-2507/snapshots/cdbee75f17c01a7cc42f958dc650907174af0554,mrpc,2,group_local,group_local_equal_r16_m16,equal,,16,16,,,attn_mlp,rs,contiguous,,0.0001,128,0.05,33035264,33030144,32776211,0.9162581699346406,,,0.9162581699346406,311.0985777378082
wandb_stage2/wandb/offline-run-20260317_050201-0whe6epb/run-0whe6epb.wandb,Qwen3-4B-Instruct-2507,/leonardo_work/EUHPC_D31_132/models/models--Qwen--Qwen3-4B-Instruct-2507/snapshots/cdbee75f17c01a7cc42f958dc650907174af0554,mrpc,2,group_local,group_local_param_r16_m16_d0,param,0,16,16,,,attn_mlp,rs,contiguous,,0.0001,128,0.05,33035264,33030144,32776211,0.9162581699346406,,,0.9162581699346406,164.73761439323425
wandb_stage2/wandb/offline-run-20260317_050507-06lem4xq/run-06lem4xq.wandb,Llama-3.2-1B-Instruct,/leonardo_work/EUHPC_D31_132/models/models--meta-llama--Llama-3.2-1B-Instruct/snapshots/9213176726f574b556790deb65791e0c5aa438b6,qnli,2,full_ft,full_ft,,,16,,,,attn_mlp,rs,contiguous,,2e-05,128,0.05,1235818496,0,,0.9375800842028189,,,0.9375800842028189,2110.173182487488
wandb_stage2/wandb/offline-run-20260317_051014-e4xmkbw0/run-e4xmkbw0.wandb,Qwen3-4B-Instruct-2507,/leonardo_work/EUHPC_D31_132/models/models--Qwen--Qwen3-4B-Instruct-2507/snapshots/cdbee75f17c01a7cc42f958dc650907174af0554,qqp,2,vanilla_lora,vanilla_lora_r16,,,16,,,,attn_mlp,rs,contiguous,,0.0001,128,0.05,33035264,33030144,32833555,0.8945614683859318,,,0.8945614683859318,13315.120676279068
wandb_stage2/wandb/offline-run-20260317_052504-zipkvs9e/run-zipkvs9e.wandb,Llama-3.2-1B-Instruct,/leonardo_work/EUHPC_D31_132/models/models--meta-llama--Llama-3.2-1B-Instruct/snapshots/9213176726f574b556790deb65791e0c5aa438b6,mnli,1,group_local,group_local_equal_r16_m16,equal,,16,16,,,attn_mlp,rs,contiguous,,0.0001,128,0.05,11278336,11272192,11272192,,0.8879266428935303,0.8939178193653377,0.890922231129434,7076.522358417511
wandb_stage2/wandb/offline-run-20260317_053342-9xg33wxz/run-9xg33wxz.wandb,Llama-3.2-1B-Instruct,/leonardo_work/EUHPC_D31_132/models/models--meta-llama--Llama-3.2-1B-Instruct/snapshots/9213176726f574b556790deb65791e0c5aa438b6,mnli,0,group_local,group_local_param_r16_m16_d0,param,0,16,16,,,attn_mlp,rs,contiguous,,0.0001,128,0.05,11278336,11272192,11272192,,0.8889454915944982,0.8922904800650936,0.8906179858297959,7266.948804140091
wandb_stage2/wandb/offline-run-20260317_054600-go0tiqwf/run-go0tiqwf.wandb,Llama-3.2-1B-Instruct,/leonardo_work/EUHPC_D31_132/models/models--meta-llama--Llama-3.2-1B-Instruct/snapshots/9213176726f574b556790deb65791e0c5aa438b6,rte,2,full_ft,full_ft,,,16,,,,attn_mlp,rs,contiguous,,2e-05,128,0.05,1235818496,0,,0.8267148014440433,,,0.8267148014440433,51.23959231376648
wandb_stage2/wandb/offline-run-20260317_055159-z0nu15xk/run-z0nu15xk.wandb,Llama-3.2-1B-Instruct,/leonardo_work/EUHPC_D31_132/models/models--meta-llama--Llama-3.2-1B-Instruct/snapshots/9213176726f574b556790deb65791e0c5aa438b6,wnli,2,full_ft,full_ft,,,16,,,,attn_mlp,rs,contiguous,,2e-05,128,0.05,1235818496,0,,0.323943661971831,,,0.323943661971831,74.85581588745117
wandb_stage2/wandb/offline-run-20260317_061759-tkyy1ecp/run-tkyy1ecp.wandb,Llama-3.2-1B-Instruct,/leonardo_work/EUHPC_D31_132/models/models--meta-llama--Llama-3.2-1B-Instruct/snapshots/9213176726f574b556790deb65791e0c5aa438b6,qqp,2,group_local,group_local_equal_r16_m16,equal,,16,16,,,attn_mlp,rs,contiguous,,0.0001,128,0.05,11276288,11272192,11272192,0.8906762790579142,,,0.8906762790579142,6756.555057287216
wandb_stage2/wandb/offline-run-20260317_072759-ltl8kk16/run-ltl8kk16.wandb,Llama-3.2-1B-Instruct,/leonardo_work/EUHPC_D31_132/models/models--meta-llama--Llama-3.2-1B-Instruct/snapshots/9213176726f574b556790deb65791e0c5aa438b6,mnli,1,group_local,group_local_param_r16_m16_d0,param,0,16,16,,,attn_mlp,rs,contiguous,,0.0001,128,0.05,11278336,11272192,11272192,,0.8879266428935303,0.8939178193653377,0.890922231129434,7116.724237680435
wandb_stage2/wandb/offline-run-20260317_074011-kvll1bf0/run-kvll1bf0.wandb,Llama-3.2-1B-Instruct,/leonardo_work/EUHPC_D31_132/models/models--meta-llama--Llama-3.2-1B-Instruct/snapshots/9213176726f574b556790deb65791e0c5aa438b6,qnli,0,vanilla_lora,vanilla_lora_r16,,,16,,,,attn_mlp,rs,contiguous,,0.0001,128,0.05,11276288,11272192,11272192,0.938129233022149,,,0.938129233022149,1627.0166244506836
wandb_stage2/wandb/offline-run-20260317_074707-6li6afnx/run-6li6afnx.wandb,Qwen3-4B-Instruct-2507,/leonardo_work/EUHPC_D31_132/models/models--Qwen--Qwen3-4B-Instruct-2507/snapshots/cdbee75f17c01a7cc42f958dc650907174af0554,stsb,1,full_ft,full_ft,,,16,,,,attn_mlp,rs,contiguous,,2e-05,128,0.05,4022470656,0,,0.9178355978434217,,,0.9178355978434217,400.2417004108429
wandb_stage2/wandb/offline-run-20260317_074739-7coh1yr7/run-7coh1yr7.wandb,Qwen3-4B-Instruct-2507,/leonardo_work/EUHPC_D31_132/models/models--Qwen--Qwen3-4B-Instruct-2507/snapshots/cdbee75f17c01a7cc42f958dc650907174af0554,stsb,2,full_ft,full_ft,,,16,,,,attn_mlp,rs,contiguous,,2e-05,128,0.05,4022470656,0,,0.8968443470842818,,,0.8968443470842818,406.69144678115845
wandb_stage2/wandb/offline-run-20260317_075024-m7k8qe0h/run-m7k8qe0h.wandb,Qwen3-4B-Instruct-2507,/leonardo_work/EUHPC_D31_132/models/models--Qwen--Qwen3-4B-Instruct-2507/snapshots/cdbee75f17c01a7cc42f958dc650907174af0554,stsb,0,full_ft,full_ft,,,16,,,,attn_mlp,rs,contiguous,,2e-05,128,0.05,4022470656,0,,0.9018676788790196,,,0.9018676788790196,348.8343257904053
wandb_stage2/wandb/offline-run-20260317_075620-5tioeh8k/run-5tioeh8k.wandb,Qwen3-4B-Instruct-2507,/leonardo_work/EUHPC_D31_132/models/models--Qwen--Qwen3-4B-Instruct-2507/snapshots/cdbee75f17c01a7cc42f958dc650907174af0554,mnli,1,full_ft,full_ft,,,16,,,,attn_mlp,rs,contiguous,,2e-05,128,0.05,4022475776,0,,,0.9097300050942435,0.9113100081366965,0.91052000661547,24141.92542028427
wandb_stage2/wandb/offline-run-20260317_075911-z8lufl03/run-z8lufl03.wandb,Qwen3-4B-Instruct-2507,/leonardo_work/EUHPC_D31_132/models/models--Qwen--Qwen3-4B-Instruct-2507/snapshots/cdbee75f17c01a7cc42f958dc650907174af0554,mnli,2,full_ft,full_ft,,,16,,,,attn_mlp,rs,contiguous,,2e-05,128,0.05,4022475776,0,,,0.9085073866530821,0.9102929210740439,0.909400153863563,24005.517562627792
wandb_stage2/wandb/offline-run-20260317_080007-ed7xmkmi/run-ed7xmkmi.wandb,Qwen3-4B-Instruct-2507,/leonardo_work/EUHPC_D31_132/models/models--Qwen--Qwen3-4B-Instruct-2507/snapshots/cdbee75f17c01a7cc42f958dc650907174af0554,mnli,0,full_ft,full_ft,,,16,,,,attn_mlp,rs,contiguous,,2e-05,128,0.05,4022475776,0,,,0.9102394294447275,0.9123270951993491,0.9112832623220383,24070.54037284851
wandb_stage2/wandb/offline-run-20260317_081139-ey33pd8l/run-ey33pd8l.wandb,Llama-3.2-1B-Instruct,/leonardo_work/EUHPC_D31_132/models/models--meta-llama--Llama-3.2-1B-Instruct/snapshots/9213176726f574b556790deb65791e0c5aa438b6,qnli,0,bd_lora,bd_lora_r16_n4_rowblock_a,,,16,4,4,block_a,attn_mlp,rs,contiguous,,0.0001,128,0.05,5574656,5570560,5570560,0.9348343401061687,,,0.9348343401061687,2127.7611813545227
wandb_stage2/wandb/offline-run-20260317_081524-8lrmu5rr/run-8lrmu5rr.wandb,Llama-3.2-1B-Instruct,/leonardo_work/EUHPC_D31_132/models/models--meta-llama--Llama-3.2-1B-Instruct/snapshots/9213176726f574b556790deb65791e0c5aa438b6,qqp,2,group_local,group_local_param_r16_m16_d0,param,0,16,16,,,attn_mlp,rs,contiguous,,0.0001,128,0.05,11276288,11272192,11272192,0.8906762790579142,,,0.8906762790579142,6662.892372846603
wandb_stage2/wandb/offline-run-20260317_085420-6ory75qa/run-6ory75qa.wandb,Llama-3.2-1B-Instruct,/leonardo_work/EUHPC_D31_132/models/models--meta-llama--Llama-3.2-1B-Instruct/snapshots/9213176726f574b556790deb65791e0c5aa438b6,qnli,0,group_local,group_local_equal_r16_m16,equal,,16,16,,,attn_mlp,rs,contiguous,,0.0001,128,0.05,11276288,11272192,11272192,0.9373970345963756,,,0.9373970345963756,1959.625676393509
wandb_stage2/wandb/offline-run-20260317_085712-556ybhwf/run-556ybhwf.wandb,Qwen3-4B-Instruct-2507,/leonardo_work/EUHPC_D31_132/models/models--Qwen--Qwen3-4B-Instruct-2507/snapshots/cdbee75f17c01a7cc42f958dc650907174af0554,qqp,2,bd_lora,bd_lora_r16_n4_rowblock_a,,,16,4,4,block_a,attn_mlp,rs,contiguous,,0.0001,128,0.05,16004096,15998976,15919111,0.8886249500018951,,,0.8886249500018951,16834.381891965866
wandb_stage2/wandb/offline-run-20260317_093140-0vr6wblc/run-0vr6wblc.wandb,Llama-3.2-1B-Instruct,/leonardo_work/EUHPC_D31_132/models/models--meta-llama--Llama-3.2-1B-Instruct/snapshots/9213176726f574b556790deb65791e0c5aa438b6,qnli,0,group_local,group_local_param_r16_m16_d0,param,0,16,16,,,attn_mlp,rs,contiguous,,0.0001,128,0.05,11276288,11272192,11272192,0.9373970345963756,,,0.9373970345963756,1966.2474234104156
wandb_stage2/wandb/offline-run-20260317_093219-e716m14y/run-e716m14y.wandb,Llama-3.2-1B-Instruct,/leonardo_work/EUHPC_D31_132/models/models--meta-llama--Llama-3.2-1B-Instruct/snapshots/9213176726f574b556790deb65791e0c5aa438b6,qnli,1,vanilla_lora,vanilla_lora_r16,,,16,,,,attn_mlp,rs,contiguous,,0.0001,128,0.05,11276288,11272192,11272192,0.9375800842028189,,,0.9375800842028189,1537.1168205738068
wandb_stage2/wandb/offline-run-20260317_100308-81ydq1ff/run-81ydq1ff.wandb,Llama-3.2-1B-Instruct,/leonardo_work/EUHPC_D31_132/models/models--meta-llama--Llama-3.2-1B-Instruct/snapshots/9213176726f574b556790deb65791e0c5aa438b6,qnli,1,bd_lora,bd_lora_r16_n4_rowblock_a,,,16,4,4,block_a,attn_mlp,rs,contiguous,,0.0001,128,0.05,5574656,5570560,5570560,0.9313563975837452,,,0.9313563975837452,2019.878113269806
wandb_stage2/wandb/offline-run-20260317_100939-aylfi2lv/run-aylfi2lv.wandb,Llama-3.2-1B-Instruct,/leonardo_work/EUHPC_D31_132/models/models--meta-llama--Llama-3.2-1B-Instruct/snapshots/9213176726f574b556790deb65791e0c5aa438b6,rte,0,vanilla_lora,vanilla_lora_r16,,,16,,,,attn_mlp,rs,contiguous,,0.0001,128,0.05,11276288,11272192,11272192,0.851985559566787,,,0.851985559566787,71.87955045700073
wandb_stage2/wandb/offline-run-20260317_101206-kt3g3qqy/run-kt3g3qqy.wandb,Llama-3.2-1B-Instruct,/leonardo_work/EUHPC_D31_132/models/models--meta-llama--Llama-3.2-1B-Instruct/snapshots/9213176726f574b556790deb65791e0c5aa438b6,stsb,2,vanilla_lora,vanilla_lora_r16,,,16,,,,attn_mlp,rs,contiguous,,0.0001,128,0.05,11274240,11272192,11272192,0.9027485778862624,,,0.9027485778862624,139.38043999671936
wandb_stage2/wandb/offline-run-20260317_101531-4lh25tc5/run-4lh25tc5.wandb,Llama-3.2-1B-Instruct,/leonardo_work/EUHPC_D31_132/models/models--meta-llama--Llama-3.2-1B-Instruct/snapshots/9213176726f574b556790deb65791e0c5aa438b6,rte,0,bd_lora,bd_lora_r16_n4_rowblock_a,,,16,4,4,block_a,attn_mlp,rs,contiguous,,0.0001,128,0.05,5574656,5570560,5570560,0.7978339350180506,,,0.7978339350180506,110.30586218833923
wandb_stage2/wandb/offline-run-20260317_102013-dgj9dyp5/run-dgj9dyp5.wandb,Llama-3.2-1B-Instruct,/leonardo_work/EUHPC_D31_132/models/models--meta-llama--Llama-3.2-1B-Instruct/snapshots/9213176726f574b556790deb65791e0c5aa438b6,stsb,2,bd_lora,bd_lora_r16_n4_rowblock_a,,,16,4,4,block_a,attn_mlp,rs,contiguous,,0.0001,128,0.05,5572608,5570560,5570560,0.8865924164489107,,,0.8865924164489107,108.98352694511414
wandb_stage2/wandb/offline-run-20260317_102305-7oswcfca/run-7oswcfca.wandb,Llama-3.2-1B-Instruct,/leonardo_work/EUHPC_D31_132/models/models--meta-llama--Llama-3.2-1B-Instruct/snapshots/9213176726f574b556790deb65791e0c5aa438b6,rte,0,group_local,group_local_equal_r16_m16,equal,,16,16,,,attn_mlp,rs,contiguous,,0.0001,128,0.05,11276288,11272192,11272192,0.851985559566787,,,0.851985559566787,46.66864371299744
wandb_stage2/wandb/offline-run-20260317_102656-w9a7am3d/run-w9a7am3d.wandb,Llama-3.2-1B-Instruct,/leonardo_work/EUHPC_D31_132/models/models--meta-llama--Llama-3.2-1B-Instruct/snapshots/9213176726f574b556790deb65791e0c5aa438b6,stsb,2,group_local,group_local_equal_r16_m16,equal,,16,16,,,attn_mlp,rs,contiguous,,0.0001,128,0.05,11274240,11272192,11272192,0.9032377665848894,,,0.9032377665848894,196.15500569343567
wandb_stage2/wandb/offline-run-20260317_102900-ahl64gjl/run-ahl64gjl.wandb,Llama-3.2-1B-Instruct,/leonardo_work/EUHPC_D31_132/models/models--meta-llama--Llama-3.2-1B-Instruct/snapshots/9213176726f574b556790deb65791e0c5aa438b6,rte,0,group_local,group_local_param_r16_m16_d0,param,0,16,16,,,attn_mlp,rs,contiguous,,0.0001,128,0.05,11276288,11272192,11272192,0.851985559566787,,,0.851985559566787,51.55272364616394
wandb_stage2/wandb/offline-run-20260317_103530-sg1x0q35/run-sg1x0q35.wandb,Llama-3.2-1B-Instruct,/leonardo_work/EUHPC_D31_132/models/models--meta-llama--Llama-3.2-1B-Instruct/snapshots/9213176726f574b556790deb65791e0c5aa438b6,wnli,0,vanilla_lora,vanilla_lora_r16,,,16,,,,attn_mlp,rs,contiguous,,0.0001,128,0.05,11276288,11272192,11272192,0.4507042253521127,,,0.4507042253521127,11.064812421798706
wandb_stage2/wandb/offline-run-20260317_103537-2ks0dswa/run-2ks0dswa.wandb,Llama-3.2-1B-Instruct,/leonardo_work/EUHPC_D31_132/models/models--meta-llama--Llama-3.2-1B-Instruct/snapshots/9213176726f574b556790deb65791e0c5aa438b6,stsb,2,group_local,group_local_param_r16_m16_d0,param,0,16,16,,,attn_mlp,rs,contiguous,,0.0001,128,0.05,11274240,11272192,11272192,0.9032377665848894,,,0.9032377665848894,105.57606077194214
wandb_stage2/wandb/offline-run-20260317_104111-3mz99pbn/run-3mz99pbn.wandb,Llama-3.2-1B-Instruct,/leonardo_work/EUHPC_D31_132/models/models--meta-llama--Llama-3.2-1B-Instruct/snapshots/9213176726f574b556790deb65791e0c5aa438b6,wnli,0,bd_lora,bd_lora_r16_n4_rowblock_a,,,16,4,4,block_a,attn_mlp,rs,contiguous,,0.0001,128,0.05,5574656,5570560,5570560,0.5211267605633803,,,0.5211267605633803,31.056453704833984
wandb_stage2/wandb/offline-run-20260317_104131-k8ofgxlk/run-k8ofgxlk.wandb,Llama-3.2-1B-Instruct,/leonardo_work/EUHPC_D31_132/models/models--meta-llama--Llama-3.2-1B-Instruct/snapshots/9213176726f574b556790deb65791e0c5aa438b6,qnli,1,group_local,group_local_equal_r16_m16,equal,,16,16,,,attn_mlp,rs,contiguous,,0.0001,128,0.05,11276288,11272192,11272192,0.9370309353834889,,,0.9370309353834889,1938.834668636322
wandb_stage2/wandb/offline-run-20260317_104233-k3l9iy88/run-k3l9iy88.wandb,Llama-3.2-1B-Instruct,/leonardo_work/EUHPC_D31_132/models/models--meta-llama--Llama-3.2-1B-Instruct/snapshots/9213176726f574b556790deb65791e0c5aa438b6,mnli,2,vanilla_lora,vanilla_lora_r16,,,16,,,,attn_mlp,rs,contiguous,,0.0001,128,0.05,11278336,11272192,11272192,,0.8928171166581763,0.8925956061838893,0.8927063614210329,5864.996690273285
wandb_stage2/wandb/offline-run-20260317_104607-6bhrm6hq/run-6bhrm6hq.wandb,Llama-3.2-1B-Instruct,/leonardo_work/EUHPC_D31_132/models/models--meta-llama--Llama-3.2-1B-Instruct/snapshots/9213176726f574b556790deb65791e0c5aa438b6,wnli,0,group_local,group_local_equal_r16_m16,equal,,16,16,,,attn_mlp,rs,contiguous,,0.0001,128,0.05,11276288,11272192,11272192,0.43661971830985913,,,0.43661971830985913,101.56857466697693
wandb_stage2/wandb/offline-run-20260317_105404-67ixyx6n/run-67ixyx6n.wandb,Llama-3.2-1B-Instruct,/leonardo_work/EUHPC_D31_132/models/models--meta-llama--Llama-3.2-1B-Instruct/snapshots/9213176726f574b556790deb65791e0c5aa438b6,wnli,0,group_local,group_local_param_r16_m16_d0,param,0,16,16,,,attn_mlp,rs,contiguous,,0.0001,128,0.05,11276288,11272192,11272192,0.43661971830985913,,,0.43661971830985913,13.065966129302979
wandb_stage2/wandb/offline-run-20260317_112013-rw7ic51g/run-rw7ic51g.wandb,Llama-3.2-1B-Instruct,/leonardo_work/EUHPC_D31_132/models/models--meta-llama--Llama-3.2-1B-Instruct/snapshots/9213176726f574b556790deb65791e0c5aa438b6,qnli,1,group_local,group_local_param_r16_m16_d0,param,0,16,16,,,attn_mlp,rs,contiguous,,0.0001,128,0.05,11276288,11272192,11272192,0.9370309353834889,,,0.9370309353834889,1902.5960147380829
wandb_stage2/wandb/offline-run-20260317_115655-baxlbumo/run-baxlbumo.wandb,Llama-3.2-1B-Instruct,/leonardo_work/EUHPC_D31_132/models/models--meta-llama--Llama-3.2-1B-Instruct/snapshots/9213176726f574b556790deb65791e0c5aa438b6,rte,1,vanilla_lora,vanilla_lora_r16,,,16,,,,attn_mlp,rs,contiguous,,0.0001,128,0.05,11276288,11272192,11272192,0.8375451263537906,,,0.8375451263537906,98.6654109954834
wandb_stage2/wandb/offline-run-20260317_120328-nml57fjm/run-nml57fjm.wandb,Llama-3.2-1B-Instruct,/leonardo_work/EUHPC_D31_132/models/models--meta-llama--Llama-3.2-1B-Instruct/snapshots/9213176726f574b556790deb65791e0c5aa438b6,rte,1,bd_lora,bd_lora_r16_n4_rowblock_a,,,16,4,4,block_a,attn_mlp,rs,contiguous,,0.0001,128,0.05,5574656,5570560,5570560,0.7978339350180506,,,0.7978339350180506,132.2544448375702
wandb_stage2/wandb/offline-run-20260317_120952-06ckjyyt/run-06ckjyyt.wandb,Llama-3.2-1B-Instruct,/leonardo_work/EUHPC_D31_132/models/models--meta-llama--Llama-3.2-1B-Instruct/snapshots/9213176726f574b556790deb65791e0c5aa438b6,rte,1,group_local,group_local_equal_r16_m16,equal,,16,16,,,attn_mlp,rs,contiguous,,0.0001,128,0.05,11276288,11272192,11272192,0.8411552346570397,,,0.8411552346570397,134.61691093444824
wandb_stage2/wandb/offline-run-20260317_121746-jezi8hul/run-jezi8hul.wandb,Llama-3.2-1B-Instruct,/leonardo_work/EUHPC_D31_132/models/models--meta-llama--Llama-3.2-1B-Instruct/snapshots/9213176726f574b556790deb65791e0c5aa438b6,rte,1,group_local,group_local_param_r16_m16_d0,param,0,16,16,,,attn_mlp,rs,contiguous,,0.0001,128,0.05,11276288,11272192,11272192,0.8411552346570397,,,0.8411552346570397,83.64061379432678
wandb_stage2/wandb/offline-run-20260317_122305-f167f20w/run-f167f20w.wandb,Llama-3.2-1B-Instruct,/leonardo_work/EUHPC_D31_132/models/models--meta-llama--Llama-3.2-1B-Instruct/snapshots/9213176726f574b556790deb65791e0c5aa438b6,wnli,1,vanilla_lora,vanilla_lora_r16,,,16,,,,attn_mlp,rs,contiguous,,0.0001,128,0.05,11276288,11272192,11272192,0.3380281690140845,,,0.3380281690140845,166.71778750419617
wandb_stage2/wandb/offline-run-20260317_122611-bek12lts/run-bek12lts.wandb,Llama-3.2-1B-Instruct,/leonardo_work/EUHPC_D31_132/models/models--meta-llama--Llama-3.2-1B-Instruct/snapshots/9213176726f574b556790deb65791e0c5aa438b6,mnli,2,bd_lora,bd_lora_r16_n4_rowblock_a,,,16,4,4,block_a,attn_mlp,rs,contiguous,,0.0001,128,0.05,5576704,5570560,5570560,,0.8848700967906266,0.8894426362896664,0.8871563665401465,7359.85612654686
wandb_stage2/wandb/offline-run-20260317_123047-10z0kxvs/run-10z0kxvs.wandb,Llama-3.2-1B-Instruct,/leonardo_work/EUHPC_D31_132/models/models--meta-llama--Llama-3.2-1B-Instruct/snapshots/9213176726f574b556790deb65791e0c5aa438b6,wnli,1,bd_lora,bd_lora_r16_n4_rowblock_a,,,16,4,4,block_a,attn_mlp,rs,contiguous,,0.0001,128,0.05,5574656,5570560,5570560,0.4788732394366197,,,0.4788732394366197,57.47734308242798
wandb_stage2/wandb/offline-run-20260317_123650-6o60dg8j/run-6o60dg8j.wandb,Llama-3.2-1B-Instruct,/leonardo_work/EUHPC_D31_132/models/models--meta-llama--Llama-3.2-1B-Instruct/snapshots/9213176726f574b556790deb65791e0c5aa438b6,wnli,1,group_local,group_local_equal_r16_m16,equal,,16,16,,,attn_mlp,rs,contiguous,,0.0001,128,0.05,11276288,11272192,11272192,0.3380281690140845,,,0.3380281690140845,36.23392939567566
wandb_stage2/wandb/offline-run-20260317_124202-rw0hyucv/run-rw0hyucv.wandb,Llama-3.2-1B-Instruct,/leonardo_work/EUHPC_D31_132/models/models--meta-llama--Llama-3.2-1B-Instruct/snapshots/9213176726f574b556790deb65791e0c5aa438b6,wnli,1,group_local,group_local_param_r16_m16_d0,param,0,16,16,,,attn_mlp,rs,contiguous,,0.0001,128,0.05,11276288,11272192,11272192,0.3380281690140845,,,0.3380281690140845,68.41878533363342
wandb_stage2/wandb/offline-run-20260317_134315-hjz4xt75/run-hjz4xt75.wandb,Qwen3-4B-Instruct-2507,/leonardo_work/EUHPC_D31_132/models/models--Qwen--Qwen3-4B-Instruct-2507/snapshots/cdbee75f17c01a7cc42f958dc650907174af0554,qqp,2,group_local,group_local_equal_r16_m16,equal,,16,16,,,attn_mlp,rs,contiguous,,0.0001,128,0.05,33035264,33030144,32776211,0.8950837822726413,,,0.8950837822726413,15845.481656551361
wandb_stage2/wandb/offline-run-20260317_143424-2vuayh68/run-2vuayh68.wandb,Llama-3.2-1B-Instruct,/leonardo_work/EUHPC_D31_132/models/models--meta-llama--Llama-3.2-1B-Instruct/snapshots/9213176726f574b556790deb65791e0c5aa438b6,mnli,2,group_local,group_local_equal_r16_m16,equal,,16,16,,,attn_mlp,rs,contiguous,,0.0001,128,0.05,11278336,11272192,11272192,,0.8931227712684666,0.8933075671277462,0.8932151691981064,7109.061844587326
wandb_stage2/wandb/offline-run-20260317_144338-zfwf52h3/run-zfwf52h3.wandb,Qwen3-4B-Instruct-2507,/leonardo_work/EUHPC_D31_132/models/models--Qwen--Qwen3-4B-Instruct-2507/snapshots/cdbee75f17c01a7cc42f958dc650907174af0554,qnli,2,full_ft,full_ft,,,16,,,,attn_mlp,rs,contiguous,,2e-05,128,0.05,4022473216,0,,0.9564341936664836,,,0.9564341936664836,6523.092859745026
wandb_stage2/wandb/offline-run-20260317_144447-54qz121i/run-54qz121i.wandb,Qwen3-4B-Instruct-2507,/leonardo_work/EUHPC_D31_132/models/models--Qwen--Qwen3-4B-Instruct-2507/snapshots/cdbee75f17c01a7cc42f958dc650907174af0554,qnli,1,full_ft,full_ft,,,16,,,,attn_mlp,rs,contiguous,,2e-05,128,0.05,4022473216,0,,0.958264689730917,,,0.958264689730917,6437.674136400223
wandb_stage2/wandb/offline-run-20260317_144455-apwe3nc9/run-apwe3nc9.wandb,Qwen3-4B-Instruct-2507,/leonardo_work/EUHPC_D31_132/models/models--Qwen--Qwen3-4B-Instruct-2507/snapshots/cdbee75f17c01a7cc42f958dc650907174af0554,qnli,0,full_ft,full_ft,,,16,,,,attn_mlp,rs,contiguous,,2e-05,128,0.05,4022473216,0,,0.9599121361889071,,,0.9599121361889071,6589.40110373497
wandb_stage2/wandb/offline-run-20260317_163801-toa8ze9x/run-toa8ze9x.wandb,Qwen3-4B-Instruct-2507,/leonardo_work/EUHPC_D31_132/models/models--Qwen--Qwen3-4B-Instruct-2507/snapshots/cdbee75f17c01a7cc42f958dc650907174af0554,rte,1,full_ft,full_ft,,,16,,,,attn_mlp,rs,contiguous,,2e-05,128,0.05,4022473216,0,,0.8916967509025271,,,0.8916967509025271,157.48988842964172
wandb_stage2/wandb/offline-run-20260317_163837-k90yvvt7/run-k90yvvt7.wandb,Qwen3-4B-Instruct-2507,/leonardo_work/EUHPC_D31_132/models/models--Qwen--Qwen3-4B-Instruct-2507/snapshots/cdbee75f17c01a7cc42f958dc650907174af0554,rte,2,full_ft,full_ft,,,16,,,,attn_mlp,rs,contiguous,,2e-05,128,0.05,4022473216,0,,0.9025270758122743,,,0.9025270758122743,157.86535501480103
wandb_stage2/wandb/offline-run-20260317_163939-wtg0o8km/run-wtg0o8km.wandb,Llama-3.2-1B-Instruct,/leonardo_work/EUHPC_D31_132/models/models--meta-llama--Llama-3.2-1B-Instruct/snapshots/9213176726f574b556790deb65791e0c5aa438b6,mnli,2,group_local,group_local_param_r16_m16_d0,param,0,16,16,,,attn_mlp,rs,contiguous,,0.0001,128,0.05,11278336,11272192,11272192,,0.8931227712684666,0.8933075671277462,0.8932151691981064,7062.23060631752
wandb_stage2/wandb/offline-run-20260317_164020-yzu32i26/run-yzu32i26.wandb,Qwen3-4B-Instruct-2507,/leonardo_work/EUHPC_D31_132/models/models--Qwen--Qwen3-4B-Instruct-2507/snapshots/cdbee75f17c01a7cc42f958dc650907174af0554,rte,0,full_ft,full_ft,,,16,,,,attn_mlp,rs,contiguous,,2e-05,128,0.05,4022473216,0,,0.8700361010830325,,,0.8700361010830325,198.06573462486267
wandb_stage2/wandb/offline-run-20260317_164531-k7zjh0ag/run-k7zjh0ag.wandb,Qwen3-4B-Instruct-2507,/leonardo_work/EUHPC_D31_132/models/models--Qwen--Qwen3-4B-Instruct-2507/snapshots/cdbee75f17c01a7cc42f958dc650907174af0554,wnli,2,full_ft,full_ft,,,16,,,,attn_mlp,rs,contiguous,,2e-05,128,0.05,4022473216,0,,0.7605633802816901,,,0.7605633802816901,112.21849536895752
wandb_stage2/wandb/offline-run-20260317_164608-2plfs2lu/run-2plfs2lu.wandb,Qwen3-4B-Instruct-2507,/leonardo_work/EUHPC_D31_132/models/models--Qwen--Qwen3-4B-Instruct-2507/snapshots/cdbee75f17c01a7cc42f958dc650907174af0554,wnli,1,full_ft,full_ft,,,16,,,,attn_mlp,rs,contiguous,,2e-05,128,0.05,4022473216,0,,0.7183098591549296,,,0.7183098591549296,43.68786644935608
wandb_stage2/wandb/offline-run-20260317_164855-a0pvvevw/run-a0pvvevw.wandb,Qwen3-4B-Instruct-2507,/leonardo_work/EUHPC_D31_132/models/models--Qwen--Qwen3-4B-Instruct-2507/snapshots/cdbee75f17c01a7cc42f958dc650907174af0554,wnli,0,full_ft,full_ft,,,16,,,,attn_mlp,rs,contiguous,,2e-05,128,0.05,4022473216,0,,0.7464788732394366,,,0.7464788732394366,63.19952702522278
wandb_stage2/wandb/offline-run-20260317_181358-9gl6c9mr/run-9gl6c9mr.wandb,Qwen3-4B-Instruct-2507,/leonardo_work/EUHPC_D31_132/models/models--Qwen--Qwen3-4B-Instruct-2507/snapshots/cdbee75f17c01a7cc42f958dc650907174af0554,qqp,2,group_local,group_local_param_r16_m16_d0,param,0,16,16,,,attn_mlp,rs,contiguous,,0.0001,128,0.05,33035264,33030144,32776211,0.8950837822726413,,,0.8950837822726413,15945.521173238754
wandb_stage2/wandb/offline-run-20260317_184246-hidaonkf/run-hidaonkf.wandb,Llama-3.2-1B-Instruct,/leonardo_work/EUHPC_D31_132/models/models--meta-llama--Llama-3.2-1B-Instruct/snapshots/9213176726f574b556790deb65791e0c5aa438b6,qnli,2,vanilla_lora,vanilla_lora_r16,,,16,,,,attn_mlp,rs,contiguous,,0.0001,128,0.05,11276288,11272192,11272192,0.9359326377448288,,,0.9359326377448288,1579.3870754241943
wandb_stage2/wandb/offline-run-20260317_191410-c043c4sg/run-c043c4sg.wandb,Llama-3.2-1B-Instruct,/leonardo_work/EUHPC_D31_132/models/models--meta-llama--Llama-3.2-1B-Instruct/snapshots/9213176726f574b556790deb65791e0c5aa438b6,qnli,2,bd_lora,bd_lora_r16_n4_rowblock_a,,,16,4,4,block_a,attn_mlp,rs,contiguous,,0.0001,128,0.05,5574656,5570560,5570560,0.9317224967966319,,,0.9317224967966319,1998.5998265743256
wandb_stage2/wandb/offline-run-20260317_195051-v09bz6o6/run-v09bz6o6.wandb,Llama-3.2-1B-Instruct,/leonardo_work/EUHPC_D31_132/models/models--meta-llama--Llama-3.2-1B-Instruct/snapshots/9213176726f574b556790deb65791e0c5aa438b6,qnli,2,group_local,group_local_equal_r16_m16,equal,,16,16,,,attn_mlp,rs,contiguous,,0.0001,128,0.05,11276288,11272192,11272192,0.9366648361706023,,,0.9366648361706023,2031.9766540527344
wandb_stage2/wandb/offline-run-20260317_202821-im7ztb5p/run-im7ztb5p.wandb,Llama-3.2-1B-Instruct,/leonardo_work/EUHPC_D31_132/models/models--meta-llama--Llama-3.2-1B-Instruct/snapshots/9213176726f574b556790deb65791e0c5aa438b6,qnli,2,group_local,group_local_param_r16_m16_d0,param,0,16,16,,,attn_mlp,rs,contiguous,,0.0001,128,0.05,11276288,11272192,11272192,0.9366648361706023,,,0.9366648361706023,2016.0392327308655
wandb_stage2/wandb/offline-run-20260317_210620-q4r3kiaa/run-q4r3kiaa.wandb,Llama-3.2-1B-Instruct,/leonardo_work/EUHPC_D31_132/models/models--meta-llama--Llama-3.2-1B-Instruct/snapshots/9213176726f574b556790deb65791e0c5aa438b6,rte,2,vanilla_lora,vanilla_lora_r16,,,16,,,,attn_mlp,rs,contiguous,,0.0001,128,0.05,11276288,11272192,11272192,0.8375451263537906,,,0.8375451263537906,133.43419194221497
wandb_stage2/wandb/offline-run-20260317_211232-m57hjrkg/run-m57hjrkg.wandb,Llama-3.2-1B-Instruct,/leonardo_work/EUHPC_D31_132/models/models--meta-llama--Llama-3.2-1B-Instruct/snapshots/9213176726f574b556790deb65791e0c5aa438b6,rte,2,bd_lora,bd_lora_r16_n4_rowblock_a,,,16,4,4,block_a,attn_mlp,rs,contiguous,,0.0001,128,0.05,5574656,5570560,5570560,0.7870036101083032,,,0.7870036101083032,127.65136671066284
wandb_stage2/wandb/offline-run-20260317_211836-y446cnm2/run-y446cnm2.wandb,Llama-3.2-1B-Instruct,/leonardo_work/EUHPC_D31_132/models/models--meta-llama--Llama-3.2-1B-Instruct/snapshots/9213176726f574b556790deb65791e0c5aa438b6,rte,2,group_local,group_local_equal_r16_m16,equal,,16,16,,,attn_mlp,rs,contiguous,,0.0001,128,0.05,11276288,11272192,11272192,0.8411552346570397,,,0.8411552346570397,148.56194519996643
wandb_stage2/wandb/offline-run-20260317_212651-98tbl2yp/run-98tbl2yp.wandb,Llama-3.2-1B-Instruct,/leonardo_work/EUHPC_D31_132/models/models--meta-llama--Llama-3.2-1B-Instruct/snapshots/9213176726f574b556790deb65791e0c5aa438b6,rte,2,group_local,group_local_param_r16_m16_d0,param,0,16,16,,,attn_mlp,rs,contiguous,,0.0001,128,0.05,11276288,11272192,11272192,0.8411552346570397,,,0.8411552346570397,45.80688977241516
wandb_stage2/wandb/offline-run-20260317_213143-pfnx64s4/run-pfnx64s4.wandb,Llama-3.2-1B-Instruct,/leonardo_work/EUHPC_D31_132/models/models--meta-llama--Llama-3.2-1B-Instruct/snapshots/9213176726f574b556790deb65791e0c5aa438b6,wnli,2,vanilla_lora,vanilla_lora_r16,,,16,,,,attn_mlp,rs,contiguous,,0.0001,128,0.05,11276288,11272192,11272192,0.323943661971831,,,0.323943661971831,98.61400699615479
wandb_stage2/wandb/offline-run-20260317_213631-znfd4fl0/run-znfd4fl0.wandb,Llama-3.2-1B-Instruct,/leonardo_work/EUHPC_D31_132/models/models--meta-llama--Llama-3.2-1B-Instruct/snapshots/9213176726f574b556790deb65791e0c5aa438b6,wnli,2,bd_lora,bd_lora_r16_n4_rowblock_a,,,16,4,4,block_a,attn_mlp,rs,contiguous,,0.0001,128,0.05,5574656,5570560,5570560,0.49295774647887325,,,0.49295774647887325,141.60933375358582
wandb_stage2/wandb/offline-run-20260317_214355-o86as6wt/run-o86as6wt.wandb,Llama-3.2-1B-Instruct,/leonardo_work/EUHPC_D31_132/models/models--meta-llama--Llama-3.2-1B-Instruct/snapshots/9213176726f574b556790deb65791e0c5aa438b6,wnli,2,group_local,group_local_equal_r16_m16,equal,,16,16,,,attn_mlp,rs,contiguous,,0.0001,128,0.05,11276288,11272192,11272192,0.323943661971831,,,0.323943661971831,54.537266969680786
wandb_stage2/wandb/offline-run-20260317_215051-xszmz8nd/run-xszmz8nd.wandb,Llama-3.2-1B-Instruct,/leonardo_work/EUHPC_D31_132/models/models--meta-llama--Llama-3.2-1B-Instruct/snapshots/9213176726f574b556790deb65791e0c5aa438b6,wnli,2,group_local,group_local_param_r16_m16_d0,param,0,16,16,,,attn_mlp,rs,contiguous,,0.0001,128,0.05,11276288,11272192,11272192,0.323943661971831,,,0.323943661971831,12.80181336402893
wandb_stage2/wandb/offline-run-20260317_224642-ymivn4yf/run-ymivn4yf.wandb,Qwen3-4B-Instruct-2507,/leonardo_work/EUHPC_D31_132/models/models--Qwen--Qwen3-4B-Instruct-2507/snapshots/cdbee75f17c01a7cc42f958dc650907174af0554,stsb,2,vanilla_lora,vanilla_lora_r16,,,16,,,,attn_mlp,rs,contiguous,,0.0001,128,0.05,33032704,33030144,32833555,0.9084108240198505,,,0.9084108240198505,227.37612867355347
wandb_stage2/wandb/offline-run-20260317_225342-7q4jm1fg/run-7q4jm1fg.wandb,Qwen3-4B-Instruct-2507,/leonardo_work/EUHPC_D31_132/models/models--Qwen--Qwen3-4B-Instruct-2507/snapshots/cdbee75f17c01a7cc42f958dc650907174af0554,stsb,2,bd_lora,bd_lora_r16_n4_rowblock_a,,,16,4,4,block_a,attn_mlp,rs,contiguous,,0.0001,128,0.05,16001536,15998976,15919111,0.8929031019230954,,,0.8929031019230954,440.82487893104553
wandb_stage2/wandb/offline-run-20260317_230630-mr3vajzg/run-mr3vajzg.wandb,Qwen3-4B-Instruct-2507,/leonardo_work/EUHPC_D31_132/models/models--Qwen--Qwen3-4B-Instruct-2507/snapshots/cdbee75f17c01a7cc42f958dc650907174af0554,stsb,2,group_local,group_local_equal_r16_m16,equal,,16,16,,,attn_mlp,rs,contiguous,,0.0001,128,0.05,33032704,33030144,32776211,0.9147232825155995,,,0.9147232825155995,267.20039224624634
wandb_stage2/wandb/offline-run-20260317_231541-h2p2xvd4/run-h2p2xvd4.wandb,Qwen3-4B-Instruct-2507,/leonardo_work/EUHPC_D31_132/models/models--Qwen--Qwen3-4B-Instruct-2507/snapshots/cdbee75f17c01a7cc42f958dc650907174af0554,stsb,2,group_local,group_local_param_r16_m16_d0,param,0,16,16,,,attn_mlp,rs,contiguous,,0.0001,128,0.05,33032704,33030144,32776211,0.9147232825155995,,,0.9147232825155995,292.59574151039124
wandb_stage2/wandb/offline-run-20260317_232258-yojlrst9/run-yojlrst9.wandb,Qwen3-4B-Instruct-2507,/leonardo_work/EUHPC_D31_132/models/models--Qwen--Qwen3-4B-Instruct-2507/snapshots/cdbee75f17c01a7cc42f958dc650907174af0554,mnli,2,vanilla_lora,vanilla_lora_r16,,,16,,,,attn_mlp,rs,contiguous,,0.0001,128,0.05,33037824,33030144,32833555,,,,,
